,internal_id,avg_hardness,avg_yield,Al,B,C,Cr,Cu,Fe,Mn,Mo,N,Nb,Ni,S,Si,Ti,V,lattice_constant,atomic_mass,atomic_radius,max_min_radius
70,MINFM7375,114.0,415.0,0.0,0.0,0.0,17.0,0.0,67.0499,0.0,0.0,0.0,0.0,8.0,0.0,0.0,0.0,0.0,2.6955321299999997,50.978825654999994,1.2846985999999998,0.04999999999999982
72,MINFM7378,114.0,415.0,0.0,0.0,0.0,17.0,0.0,67.5899,0.0,0.0,0.0,0.0,8.0,0.0,0.0,0.0,0.0,2.71103013,51.280388654999996,1.2922585999999998,0.04999999999999982
73,MINFM50412,85.0,275.0,0.0,0.0,0.0,22.0,0.0,57.8449,0.0,0.0,0.0,0.0,12.0,0.0,0.0,0.0,0.0,2.71614863,50.785834405,1.2798285999999999,0.04999999999999982
77,MINFM7562,254.0,310.0,0.0,0.0,0.2,0.0,0.0,98.1749,0.7,0.2,0.0,0.0,0.0,0.0,0.15,0.0,0.0,2.90143463,55.46836887,1.3901986,0.75
80,MINFM7928,107.5,415.0,0.0,0.0,0.6,16.0,0.0,78.4299,0.0,0.0,0.0,0.0,0.0,0.0,0.0,0.0,0.0,2.73315813,52.190617855,1.3262185999999998,0.7
82,MINFM8063,299.0,827.5,0.0,0.0,0.18,0.0,0.0,95.0699,0.5,0.2,0.0,0.0,3.25,0.0,0.15,0.0,0.0,2.90822713,55.52963889,1.3876635999999998,0.75
83,MINFM7808,110.0,380.0,0.0,0.0,0.0,12.0,0.0,82.8399,0.0,0.0,0.0,0.0,0.0,0.0,0.0,0.0,0.0,2.72310513,52.501474155,1.3277586,0.0
84,MINFM50423,110.0,380.0,0.0,0.0,0.0,12.0,0.0,83.3299,0.0,0.0,0.0,0.0,0.0,0.0,0.0,0.0,0.0,2.73716813,52.775114654999996,1.3346185999999998,0.0
85,MINFM8453,176.0,346.5,0.0,0.0,0.19,0.35,0.0,96.7999,0.6,0.15,0.0,0.0,0.35,0.0,0.15,0.0,0.0,2.87355013,54.983804254999995,1.3783785999999998,0.75
87,MINFM8657,176.0,346.5,0.0,0.0,0.2,0.4,0.0,96.6749,0.75,0.3,0.0,0.0,0.4,0.0,0.15,0.0,0.0,2.89157963,55.1968608925,1.3823485999999996,0.75
88,MINFM8039,336.0,367.5,0.0,0.0,0.15,0.3,0.0,96.2399,0.6,0.3,0.0,0.0,0.85,0.0,0.15,0.0,0.0,2.87693513,55.077646925,1.3784836,0.75
89,MINFM8046,321.0,475.5,0.0,0.0,0.13,0.0,0.0,95.1599,0.4,0.2,0.0,0.0,3.25,0.0,0.15,0.0,0.0,2.9001351300000002,55.51895599499999,1.3871735999999997,0.75
92,MINFM50523,46.0,380.0,0.0,0.0,0.0,17.0,0.0,61.1799,11.5,0.0,0.2,0.0,2.5,0.0,0.0,0.0,0.0,3.3638911300000003,50.81847573,1.2905685999999998,0.7499999999999999
95,MINFM6784,52.5,200.0,0.0,0.0,0.15,0.0,0.0,99.1349,0.3,0.0,0.0,0.0,0.0,0.0,0.0,0.0,0.0,2.87719663,55.544715090000004,1.3931386,0.7
96,MINFM6852,58.0,220.0,0.0,0.0,0.22,0.0,0.0,99.0549,0.3,0.0,0.0,0.0,0.0,0.0,0.0,0.0,0.0,2.87739963,55.50844658,1.3925086,0.7
100,MINFM6901,74.5,285.0,0.0,0.0,0.35,0.0,0.0,98.6149,0.6,0.0,0.0,0.0,0.0,0.0,0.0,0.0,0.0,2.89608263,55.44315662500001,1.3914586,0.7
103,MINFM6903,78.0,300.0,0.0,0.0,0.37,0.0,0.0,98.4949,0.7,0.0,0.0,0.0,0.0,0.0,0.0,0.0,0.0,2.90224263,55.43348281,1.3913185999999997,0.7
110,MINFM7096,50.5,195.0,0.0,0.0,0.08,0.0,0.0,98.8999,0.5,0.0,0.0,0.0,0.0,0.08,0.0,0.0,0.0,2.89410913,55.54059994,1.3929585999999998,0.7
112,MINFM7045,93.5,490.0,0.0,0.0,0.6,0.0,0.0,98.3349,0.6,0.0,0.0,0.0,0.0,0.0,0.0,0.0,0.0,2.89697163,55.31681737500001,1.3892885999999998,0.7
115,MINFM7050,96.0,505.0,0.0,0.0,0.7,0.0,0.0,98.3349,0.5,0.0,0.0,0.0,0.0,0.0,0.0,0.0,0.0,2.89165163,55.273890030000004,1.3885885999999998,0.7
122,MINFM8513,138.5,931.0,0.0,0.0,0.37,0.35,0.0,96.5099,0.7,0.15,0.0,0.0,0.35,0.0,0.15,0.0,0.0,2.88054313,54.898411059999994,1.3769785999999997,0.75
123,MINFM8691,194.0,498.5,0.0,0.0,0.15,0.3,0.0,97.1749,0.75,0.08,0.0,0.0,0.3,0.0,0.15,0.0,0.0,2.8908146299999995,55.148323042499996,1.3830585999999998,0.75
129,MINFM67298,192.0,205.0,0.0,0.0,0.0,17.0,0.0,65.1449,0.0,0.0,0.0,0.0,9.0,0.0,0.0,0.0,0.0,2.67605863,50.501912405000006,1.2715286,0.04999999999999982
134,MINFM66709,235.0,550.0,0.0,0.0,0.38,0.8,0.0,96.7749,0.75,0.15,0.0,0.0,0.0,0.0,0.15,0.0,0.0,2.89359063,55.103625952499996,1.3830336,0.75
139,MINFM66670,192.0,205.0,0.0,0.0,0.0,17.0,0.0,64.8449,0.0,0.0,0.0,0.0,9.0,0.0,0.0,0.0,0.0,2.66744863,50.334377405,1.2673286,0.04999999999999982
144,MINFM66154,223.0,275.0,0.0,0.0,0.0,11.5,0.0,84.2799,0.0,0.0,0.0,0.0,0.0,0.0,0.0,0.0,0.0,2.75003313,53.045661654999996,1.3409186,0.0
158,MINFM53970,127.5,155.0,0.0,0.0,0.0,16.0,0.0,67.7599,5.5,0.0,0.0,0.0,3.5,0.0,0.0,0.0,0.0,3.01765913,51.235753630000005,1.2968886,0.04999999999999982
165,MINFM54248,217.0,205.0,0.0,1.25,0.0,18.0,0.0,60.5049,0.0,0.0,0.0,0.0,12.0,0.0,0.0,0.0,0.0,2.78641563,50.326604905,1.2716935999999999,0.5499999999999999
176,MINFM21848,251.5,577.5,0.0,0.0,0.4,0.0,0.0,97.2099,1.3,0.0,0.0,0.0,0.0,0.22,0.0,0.0,0.0,2.94280813,55.11964904,1.3841386,0.7
179,MINFM21933,289.5,702.5,0.0,0.0,0.2,3.0,0.0,94.8699,0.45,0.45,0.0,0.0,0.0,0.0,0.0,0.0,0.0,2.87048613,55.2429512575,1.3844036,0.75
180,MINFM26242,86.0,255.0,0.0,0.0,0.15,0.0,0.0,97.9099,0.6,0.0,0.0,0.0,0.0,0.14,0.0,0.0,0.0,2.88336713,55.070318975,1.3815885999999997,0.7
181,MINFM26257,107.0,305.0,0.0,0.0,0.35,0.0,0.0,97.8399,0.5,0.0,0.0,0.0,0.0,0.11,0.0,0.0,0.0,2.87646713,54.990691330000004,1.3803086,0.7
192,MINFM27960,316.0,300.0,0.0,0.0,0.17,0.8,0.0,97.1699,0.4,0.15,0.0,0.0,0.0,0.0,0.17,0.0,0.0,2.8674011299999997,55.112325175,1.3824135999999998,0.75
193,MINFM48701,98.5,365.0,0.0,0.0,0.1,0.5,0.0,96.9399,0.45,0.4,0.0,0.0,0.0,0.0,0.15,0.0,0.22,2.86753913,55.1932591075,1.3815785999999997,0.75
196,MINFM27280,180.0,320.0,0.0,0.0,0.14,0.0,0.0,97.4399,0.6,0.0,0.0,0.0,0.0,0.0,0.17,0.0,0.05,2.86560413,54.834971505,1.3760835999999999,0.7
205,MINFM28020,329.5,700.0,0.0,0.0,0.38,0.9,0.0,96.8099,0.5,0.15,0.0,0.0,0.0,0.0,0.17,0.0,0.0,2.87633613,55.04343979,1.3816435999999999,0.75
222,MINFM28386,285.0,735.0,0.0,0.0,0.1,0.6,0.0,94.1899,0.3,0.0,0.0,0.0,3.2,0.0,0.17,0.0,0.0,2.87264113,55.01508523999999,1.3770285999999996,0.7
224,MINFM49244,98.5,295.0,0.0,0.0,0.0,16.0,0.0,79.0849,0.0,0.0,0.0,0.0,0.0,0.0,0.0,0.0,0.0,2.73053663,52.484338405,1.3311886,0.0
225,MINFM28342,176.0,392.0,0.0,0.0,0.1,0.0,0.0,95.5099,0.3,0.0,0.0,0.0,2.8,0.0,0.15,0.0,0.0,2.8780791299999997,55.199871939999994,1.3814885999999997,0.7
226,MINFM28358,158.5,785.0,0.0,0.0,0.32,1.6,0.0,94.8499,0.4,0.0,0.0,0.0,1.0,0.0,0.15,0.0,0.1,2.8616211300000005,54.739054425000006,1.3746386,0.7
227,MINFM49097,192.5,880.0,0.0,0.0,0.32,1.3,0.0,94.6299,0.5,0.2,0.0,0.0,1.3,0.0,0.15,0.0,0.0,2.8693971300000003,54.83216387000001,1.3743585999999999,0.75
228,MINFM28536,119.5,445.0,0.0,0.0,0.0,4.0,0.0,92.0349,0.0,0.45,0.0,0.0,0.0,0.0,0.0,0.0,0.0,2.77077663,53.908463905,1.3510135999999997,0.050000000000000044
231,MINFM28164,254.0,294.0,0.0,0.0,0.35,1.7,0.0,95.5299,0.6,0.0,0.0,0.0,0.0,0.0,0.17,0.0,0.1,2.86875413,54.702958925000004,1.3752886,0.7
234,MINFM28202,165.5,716.0,0.0,0.0,0.55,0.9,0.0,96.4399,0.8,0.0,0.0,0.0,0.0,0.0,0.17,0.0,0.1,2.89675113,54.92907711499999,1.3810285999999998,0.7
238,MINFM28305,88.0,157.5,0.0,0.0,0.0,0.0,0.0,96.1099,1.0,0.0,0.0,0.04,0.7,0.0,0.0,0.0,0.0,2.87321413,54.669970457000005,1.3695685999999998,0.09999999999999987
272,MINFM47637,211.0,280.0,0.0,0.0,0.0,0.0,0.0,99.5199,0.0,0.0,0.0,0.0,0.0,0.0,0.0,0.0,0.0,2.85622113,55.576888155000006,1.3932786,0.0
288,MINFM27649,105.5,206.0,0.0,0.0,0.42,0.0,0.0,96.9199,0.5,0.0,0.0,0.0,0.0,0.0,1.3,0.0,0.0,2.91163513,54.81516481999999,1.3811186,0.7
289,MINFM27702,126.5,440.0,0.0,0.0,0.33,0.0,0.0,96.7199,1.1,0.0,0.0,0.0,0.0,0.0,1.1,0.0,0.0,2.94516213,54.96612246,1.3838885999999997,0.7
290,MINFM48441,146.0,440.0,0.0,0.0,0.42,0.0,0.0,95.7099,0.5,0.0,0.0,0.0,0.0,0.0,1.5,0.0,0.0,2.88776813,54.19561132,1.3663786,0.7
300,MINFM26230,74.5,235.0,0.0,0.0,0.07,0.0,0.0,97.9899,0.6,0.0,0.0,0.0,0.0,0.15,0.0,0.0,0.0,2.88385413,55.108592915,1.3822485999999998,0.7
305,MINFM48535,197.0,294.0,0.0,0.0,0.14,0.8,0.0,96.8699,1.1,0.0,0.0,0.0,0.0,0.0,0.17,0.0,0.0,2.91522513,55.18184328,1.3856285999999998,0.7
309,MINFM27862,134.5,265.0,0.0,0.0,0.32,0.2,0.0,96.8599,1.5,0.0,0.0,0.0,0.0,0.0,0.17,0.0,0.0,2.93964413,55.10565362,1.3839485999999996,0.7
320,MINFM28492,134.5,490.0,0.0,0.0,0.15,14.0,0.0,82.0749,0.0,0.0,0.0,0.0,0.0,0.0,0.0,0.0,0.0,2.7641046300000003,53.132197955,1.3460986,0.7
321,MINFM48841,111.5,440.0,0.0,0.0,0.18,1.2,0.0,96.2999,0.3,0.0,0.0,0.0,0.0,0.0,0.3,0.0,0.45,2.86134313,54.902559000000004,1.3798335999999998,0.7
322,MINFM48861,126.5,540.0,0.0,0.0,0.17,1.2,0.0,96.0099,0.3,0.25,0.0,0.0,0.0,0.0,0.15,0.0,0.45,2.85239313,54.93712918000001,1.3776785999999999,0.75
347,MINFM48975,246.5,457.5,0.0,0.0,0.35,0.95,0.0,95.7399,0.95,0.2,0.0,0.0,0.0,0.0,0.2,0.0,0.15,2.89373513,54.8483222325,1.3765335999999997,0.75
350,MINFM48994,135.0,540.0,0.0,0.0,0.17,3.0,0.0,94.1049,0.3,0.5,0.0,0.0,0.0,0.0,0.2,0.0,0.45,2.8601496299999996,55.06310448,1.3803835999999998,0.75
352,MINFM48659,84.5,255.0,0.0,0.0,0.08,0.5,0.0,97.5599,0.4,0.0,0.0,0.0,0.0,0.0,0.15,0.0,0.2,2.86697013,55.115678645,1.3833485999999997,0.7
359,MINFM7338,96.0,540.0,0.0,0.0,0.44,0.0,0.0,98.0349,1.1,0.0,0.0,0.0,0.0,0.0,0.0,0.0,0.0,2.92709963,55.40475548,1.3909685999999999,0.7
360,MINFM50408,80.0,275.0,0.6,0.0,0.0,17.0,0.0,66.0499,0.0,0.4,0.0,0.0,8.0,0.11,0.0,0.0,0.0,2.71524913,51.001296386599996,1.2850985999999998,0.44999999999999996
361,MINFM7462,90.0,345.0,0.0,0.0,0.0,23.0,0.0,46.6749,0.0,0.0,0.0,0.0,19.0,0.0,1.5,0.0,0.0,2.75221963,49.597729405,1.2484486,0.2999999999999998
370,MINFM7870,77.5,310.0,0.0,0.0,0.0,16.0,0.0,78.5599,0.0,0.75,0.0,0.0,0.0,0.0,0.0,0.0,0.0,2.73909413,52.910702154999996,1.3347135999999997,0.050000000000000044
373,MINFM7850,307.0,434.5,0.0,0.0,0.17,0.35,0.0,95.7699,0.4,0.2,0.0,0.0,1.55,0.0,0.15,0.0,0.0,2.86931013,55.048613325000005,1.3779436,0.75
375,MINFM7980,312.0,280.0,0.0,0.0,0.24,0.0,0.0,97.9349,0.7,0.35,0.0,0.0,0.0,0.0,0.15,0.0,0.0,2.9006996299999996,55.48305515,1.3892935999999998,0.75
377,MINFM7988,80.0,310.0,0.0,0.0,0.0,18.0,0.9,72.9799,0.0,0.0,0.0,0.0,0.0,0.0,0.0,0.0,0.0,2.6454131299999997,50.686837155,1.2858686,0.04999999999999982
379,MINFM8014,138.5,379.0,0.0,0.0,0.17,0.0,0.0,96.3699,0.35,0.2,0.0,0.0,1.55,0.0,0.15,0.0,0.0,2.8720051300000002,55.174227952500004,1.3807435999999997,0.75
381,MINFM7823,85.0,380.0,0.0,0.0,0.0,16.0,0.0,78.9699,0.0,0.0,0.0,0.0,0.0,0.0,0.0,0.0,0.0,2.7272361299999996,52.420116654999994,1.3295785999999998,0.0
382,MINFM7831,307.0,434.5,0.0,0.0,0.17,0.4,0.0,95.8549,0.45,0.2,0.0,0.0,1.65,0.0,0.15,0.0,0.0,2.88115463,55.20824204750001,1.3818835999999999,0.75
384,MINFM6759,43.0,170.0,0.0,0.0,0.0,0.0,0.0,99.3349,0.3,0.0,0.0,0.0,0.0,0.0,0.0,0.0,0.0,2.8775816300000003,55.63838904,1.3948885999999998,0.0
385,MINFM6827,58.0,230.0,0.0,0.0,0.18,0.0,0.0,98.8049,0.6,0.0,0.0,0.0,0.0,0.0,0.0,0.0,0.0,2.8954666300000005,55.528843935000005,1.3929285999999999,0.7
387,MINFM6814,55.5,205.0,0.0,0.0,0.18,0.0,0.0,99.1049,0.3,0.0,0.0,0.0,0.0,0.0,0.0,0.0,0.0,2.87740663,55.531564800000005,1.3929285999999999,0.7
388,MINFM6848,55.5,215.0,0.0,0.0,0.2,0.0,0.0,99.0849,0.3,0.0,0.0,0.0,0.0,0.0,0.0,0.0,0.0,2.87754663,55.522797940000004,1.3927886,0.7
390,MINFM6846,60.5,235.0,0.0,0.0,0.18,0.0,0.0,98.7049,0.7,0.0,0.0,0.0,0.0,0.0,0.0,0.0,0.0,2.9014866299999995,55.52793698,1.3929285999999999,0.7
392,MINFM6861,63.0,240.0,0.0,0.0,0.22,0.0,0.0,98.7549,0.6,0.0,0.0,0.0,0.0,0.0,0.0,0.0,0.0,2.89545963,55.505725715,1.3925086,0.7
393,MINFM6799,58.0,224.0,0.0,0.0,0.15,0.0,0.0,98.7349,0.7,0.0,0.0,0.0,0.0,0.0,0.0,0.0,0.0,2.90127663,55.54108727,1.3931386,0.7
399,MINFM7043,91.5,475.0,0.0,0.0,0.6,0.0,0.0,98.4349,0.5,0.0,0.0,0.0,0.0,0.0,0.0,0.0,0.0,2.89095163,55.31772433,1.3892886,0.7
400,MINFM7047,96.0,495.0,0.0,0.0,0.65,0.0,0.0,98.2749,0.6,0.0,0.0,0.0,0.0,0.0,0.0,0.0,0.0,2.89703463,55.289315725,1.3887985999999999,0.7
402,MINFM7157,83.5,315.0,0.0,0.0,0.27,0.0,0.0,97.8399,1.35,0.0,0.0,0.0,0.0,0.08,0.0,0.0,0.0,2.9460351300000003,55.4384366525,1.3913486,0.7
404,MINFM7018,96.0,355.0,0.0,0.0,0.52,0.0,0.0,98.4349,0.6,0.0,0.0,0.0,0.0,0.0,0.0,0.0,0.0,2.89698563,55.363053814999994,1.3901286,0.7
411,MINFM8385,121.5,550.0,0.0,0.0,0.15,0.4,0.0,97.5449,0.7,0.15,0.0,0.0,0.4,0.0,0.15,0.0,0.0,2.9055936300000003,55.50532802,1.3913035999999999,0.75
415,MINFM8119,265.5,325.0,0.0,0.0,0.17,0.7,0.0,97.6049,0.7,0.0,0.0,0.0,0.0,0.0,0.15,0.0,0.0,2.89786463,55.31854186,1.3889086,0.7
417,MINFM8394,268.5,722.5,0.0,0.0,0.18,0.4,0.0,98.4449,0.7,0.15,0.0,0.0,0.4,0.0,0.15,0.0,0.0,2.93249463,56.011536230000004,1.4041136,0.75
418,MINFM8423,268.5,722.5,0.0,0.0,0.17,0.35,0.0,96.8199,0.6,0.15,0.0,0.0,0.35,0.0,0.15,0.0,0.0,2.8734101300000003,54.992571115000004,1.3785185999999998,0.75
421,MINFM66664,192.0,205.0,0.0,0.0,0.0,18.0,0.0,65.8449,0.0,0.0,0.0,0.0,8.0,0.0,0.0,0.0,0.0,2.68974863,50.825854405,1.2818285999999999,0.04999999999999982
423,MINFM66672,321.0,517.5,0.0,0.0,0.0,17.0,0.0,67.6499,0.0,0.0,0.0,0.0,8.0,0.0,0.0,0.0,0.0,2.71275213,51.313895654999996,1.2930986,0.04999999999999982
429,MINFM66698,192.0,205.0,0.0,0.0,0.0,17.0,0.0,65.8449,0.0,0.0,0.0,0.0,9.0,0.0,0.0,0.0,0.0,2.6961486299999997,50.892827405,1.2813286,0.04999999999999982
433,MINFM66141,297.0,485.0,0.0,0.0,0.0,26.0,0.0,60.8749,0.0,1.0,0.15,0.0,3.5,0.0,0.0,0.0,0.0,2.65666813,50.549252955,1.2789736,0.7999999999999999
434,MINFM66104,230.0,415.0,0.0,0.0,0.0,23.0,0.0,43.2299,5.0,4.0,0.4,0.0,16.0,0.0,0.0,0.0,0.0,3.05295413,52.132313705,1.2738185999999998,0.7999999999999999
444,MINFM66163,270.5,385.0,0.0,0.0,0.0,20.0,0.0,41.3999,0.0,6.7,0.18,0.0,23.5,0.0,0.0,0.0,0.0,2.80969733,53.765135215,1.2751686,0.7999999999999999
449,MINFM66346,259.0,585.0,0.9,0.0,0.0,12.25,0.0,74.0219,0.0,2.0,0.0,0.0,7.5,0.0,0.0,0.0,0.0,2.84067853,54.270691152400005,1.3493065999999998,0.19999999999999996
452,MINFM53981,255.0,330.0,0.0,0.0,0.0,15.0,0.0,69.5999,7.0,0.0,0.15,0.0,1.5,0.0,0.0,0.0,0.0,3.1106756300000002,51.414553355,1.3036236,0.7499999999999999
453,MINFM54238,201.0,205.0,0.0,0.22,0.0,18.0,0.0,61.7049,0.0,0.0,0.0,0.0,12.0,0.0,0.0,0.0,0.0,2.73093663,50.885391605,1.2797386,0.5499999999999999
464,MINFM54246,217.0,205.0,0.0,1.0,0.0,18.0,0.0,60.7549,0.0,0.0,0.0,0.0,12.0,0.0,0.0,0.0,0.0,2.77176563,50.439189905000006,1.2730685999999998,0.5499999999999999
465,MINFM54253,241.0,205.0,0.0,1.75,0.0,18.0,0.0,59.7449,0.0,0.0,0.0,0.0,12.0,0.0,0.0,0.0,0.0,2.80825363,49.956237905,1.2653036,0.5499999999999999
466,MINFM53997,201.0,205.0,0.0,0.0,0.0,17.0,0.0,68.0249,0.0,0.0,0.0,0.0,8.0,0.0,0.0,0.0,0.0,2.72351463,51.523314404999994,1.2983486,0.04999999999999982
467,MINFM7405,90.0,290.0,0.0,0.0,0.0,18.0,0.0,66.4349,0.0,0.0,0.1,0.0,8.0,0.0,0.0,0.0,0.0,2.71072063,51.169346605,1.2907385999999998,0.7499999999999999
480,MINFM53152,155.0,335.0,0.0,0.0,0.0,15.5,2.5,72.2649,0.0,0.0,0.0,0.15,3.6,0.0,0.0,0.0,0.0,2.74232263,52.25670087500001,1.3132335999999998,0.09999999999999987
481,MINFM26425,67.5,185.0,0.0,0.0,0.0,0.0,0.0,97.8199,0.0,0.0,0.0,0.0,0.0,0.0,0.0,0.0,0.0,2.80743113,54.627523155000006,1.3694785999999999,0.0
482,MINFM21830,103.0,215.0,0.0,0.0,0.0,0.0,0.0,98.1799,0.9,0.0,0.0,0.0,0.0,0.2,0.0,0.0,0.0,2.91871313,55.38713756,1.3891185999999998,0.3999999999999999
483,MINFM21837,103.0,215.0,0.0,0.0,0.0,0.0,0.0,98.1299,0.9,0.0,0.0,0.0,0.0,0.25,0.0,0.0,0.0,2.92251313,55.375247560000005,1.3889185999999998,0.3999999999999999
485,MINFM21704,176.5,140.0,0.0,0.0,0.36,0.0,0.0,98.5599,0.6,0.0,0.0,0.0,0.0,0.0,0.0,0.0,0.0,2.89486113,55.413642945,1.3907585999999998,0.7
510,MINFM27919,165.5,735.0,0.0,0.0,0.34,1.3,0.0,96.0099,0.3,0.0,0.0,0.0,0.0,0.0,1.0,0.0,0.0,2.8860321300000003,54.77918347000001,1.3799185999999999,0.7
512,MINFM27949,86.0,255.0,0.0,0.0,0.1,0.7,0.0,96.7899,0.4,0.4,0.0,0.0,0.0,0.0,0.15,0.0,0.0,2.8579051300000002,55.073943485,1.3786086,0.75
513,MINFM48286,132.5,380.0,0.0,0.0,0.57,0.0,0.0,97.2199,0.5,0.0,0.0,0.0,0.0,0.0,0.15,0.0,0.0,2.8631551299999995,54.67773261999999,1.3737185999999997,0.7
518,MINFM47665,92.5,305.0,0.0,0.0,0.0,0.0,0.0,96.5699,0.0,0.0,0.0,0.015,0.0,0.0,0.0,0.0,0.0,2.77205113,53.943396612,1.3521960999999998,0.050000000000000044
519,MINFM27915,142.5,588.0,0.9,0.0,0.28,1.3,0.0,95.0799,0.5,0.0,0.0,0.0,0.0,0.0,0.17,0.0,0.0,2.8663601299999995,54.3722188374,1.3713985999999998,0.7
520,MINFM27517,126.5,345.0,0.0,0.0,0.52,0.0,0.0,97.2699,0.5,0.0,0.0,0.0,0.0,0.0,0.15,0.0,0.0,2.86280513,54.69964977,1.3740686,0.7
534,MINFM28207,84.5,132.5,0.0,0.0,0.08,2.0,0.0,94.9799,0.4,0.9,0.0,0.0,0.0,0.0,0.15,0.0,0.0,2.8584341299999996,55.216396145,1.3785785999999998,0.75
535,MINFM28209,134.0,590.0,0.0,0.0,0.2,1.1,0.0,96.0299,0.5,0.55,0.0,0.0,0.0,0.0,0.17,0.0,0.15,2.87041413,55.150393980000004,1.3800885999999997,0.75
536,MINFM27835,269.0,685.0,0.0,0.0,0.17,1.0,0.0,96.8299,0.8,0.0,0.0,0.0,0.0,0.0,0.17,0.04,0.0,2.89541813,55.121433355,1.3844385999999997,0.7
544,MINFM49150,150.0,685.0,0.0,0.0,0.3,0.7,0.0,93.5799,0.5,0.25,0.0,0.0,2.75,0.0,0.15,0.0,0.0,2.8738831299999994,54.83043693,1.3714186,0.75
546,MINFM49059,142.5,588.0,0.0,0.0,0.32,0.5,0.0,95.8599,0.35,0.0,0.0,0.0,1.2,0.0,0.17,0.0,0.0,2.85958913,54.7757252025,1.3742485999999996,0.7
561,MINFM28764,127.5,196.0,0.0,0.0,0.05,7.0,0.0,68.3499,17.0,0.5,0.0,0.0,0.0,0.0,0.25,0.0,0.45,3.71924213,51.934352155,1.3093236,0.75
576,MINFM47974,100.0,215.0,0.0,0.0,0.12,0.0,0.0,97.8299,0.35,0.0,0.0,0.0,0.0,0.0,0.15,0.0,0.0,2.85126213,54.88193190249999,1.3770085999999997,0.7
579,MINFM48072,101.0,285.0,0.0,0.0,0.32,0.0,0.0,97.4699,0.5,0.0,0.0,0.0,0.0,0.0,0.15,0.0,0.0,2.86140513,54.787318369999994,1.3754685999999996,0.7
581,MINFM47554,163.0,255.0,0.0,0.0,0.0,0.0,0.0,99.5699,0.0,0.0,0.0,0.0,0.0,0.0,0.0,0.0,0.0,2.85765613,55.604810655,1.3939785999999998,0.0
582,MINFM47567,166.0,242.5,0.0,0.0,0.0,0.0,0.0,97.7499,0.0,0.0,0.0,0.0,0.0,0.0,0.0,0.0,0.0,2.8054221299999997,54.588431655,1.3684986,0.0
586,MINFM47822,269.0,460.0,0.0,0.0,0.0,0.0,0.0,99.2449,0.0,0.0,0.0,0.0,0.0,0.0,0.0,0.0,0.0,2.84832863,55.423314405,1.3894285999999998,0.0
588,MINFM2712,75.0,210.0,0.0,0.0,0.0,0.0,0.0,72.3599,6.0,0.0,0.0,0.0,12.0,0.0,2.0,0.0,0.0,3.14112913,51.310586855,1.2810385999999998,0.2999999999999998
596,MINFM49046,300.0,735.0,0.0,0.0,0.19,0.8,0.0,95.6199,0.7,0.0,0.0,0.0,1.3,0.0,0.17,0.0,0.0,2.8913351300000003,55.033048150000006,1.3804286000000001,0.7
603,MINFM32740,180.0,220.0,0.0,0.0,0.0,10.5,0.0,84.3649,0.0,0.0,0.0,0.0,0.0,0.0,0.0,0.0,0.0,2.7236726300000003,52.573168905,1.3281086,0.0
608,MINFM48438,165.5,686.0,0.0,0.0,0.36,0.0,0.0,96.9199,1.5,0.0,0.0,0.0,0.0,0.0,0.15,0.0,0.07,2.93806213,55.07001464999999,1.3829935999999998,0.7
609,MINFM48450,146.0,490.0,0.0,0.0,0.58,0.0,0.0,95.4399,0.65,0.0,0.0,0.0,0.0,0.0,1.5,0.0,0.0,2.8990661299999996,54.14645400749999,1.3658185999999999,0.7
616,MINFM27751,112.5,441.0,0.0,0.0,0.9,1.3,0.0,95.2929,0.3,0.0,0.0,0.0,0.0,0.0,0.15,0.0,0.0,2.83929123,54.20730799,1.3644505999999998,0.7
620,MINFM48510,126.5,373.0,0.0,0.0,0.5,1.0,0.0,96.5199,0.5,0.0,0.0,0.0,0.0,0.0,0.15,0.0,0.0,2.86936613,54.79837113000001,1.3774285999999998,0.7
624,MINFM48495,111.5,475.5,0.0,0.0,0.35,0.8,0.0,97.2399,0.5,0.0,0.0,0.0,0.0,0.0,0.17,0.0,0.0,2.88000113,55.08406398000001,1.3838785999999998,0.7
642,MINFM48848,105.5,390.0,0.0,0.0,0.25,1.5,0.0,95.9299,0.5,0.0,0.0,0.0,0.0,0.0,0.15,0.0,0.2,2.8639481300000003,54.800722379999996,1.3771186,0.7
644,MINFM49473,125.0,294.0,0.0,0.0,0.0,17.0,0.0,62.6349,7.0,0.0,0.1,0.0,4.0,0.0,0.0,0.0,0.0,3.05436063,50.025202755,1.2675386,0.7499999999999999
655,MINFM7335,93.5,585.0,0.0,0.0,0.43,0.0,0.0,97.7499,1.35,0.0,0.0,0.0,0.0,0.0,0.0,0.0,0.0,2.9407881299999996,55.3817412725,1.3904086,0.7
657,MINFM7433,85.0,275.0,0.0,0.0,0.0,22.0,0.0,57.7249,0.0,0.0,0.0,0.0,12.0,0.0,0.0,0.0,0.0,2.71270463,50.718820405,1.2781485999999997,0.04999999999999982
658,MINFM7390,74.5,235.0,0.0,0.0,0.0,18.0,0.0,66.7449,0.0,0.0,0.0,0.0,8.0,0.0,0.0,0.0,0.0,2.71557863,51.328459405000004,1.2944285999999998,0.04999999999999982
664,MINFM7480,71.5,240.0,0.0,0.0,0.0,17.0,0.0,61.2199,0.0,1.75,0.0,0.0,12.0,0.0,0.0,0.0,0.0,2.7241361299999998,51.749748155,1.2824536,0.09999999999999987
665,MINFM7520,80.0,240.0,0.0,0.0,0.0,17.0,0.0,64.0949,0.0,0.0,0.0,0.0,9.0,0.0,0.0,0.0,0.0,2.64592363,49.915539905,1.2568285999999997,0.04999999999999982
670,MINFM6782,55.5,205.0,0.0,0.0,0.13,0.0,0.0,98.8549,0.6,0.0,0.0,0.0,0.0,0.0,0.0,0.0,0.0,2.89511663,55.550761085,1.3932785999999997,0.7
671,MINFM6765,47.5,185.0,0.0,0.0,0.1,0.0,0.0,99.1849,0.3,0.0,0.0,0.0,0.0,0.0,0.0,0.0,0.0,2.87684663,55.56663224,1.3934885999999997,0.7
674,MINFM6788,58.0,220.0,0.0,0.0,0.15,0.0,0.0,98.8349,0.6,0.0,0.0,0.0,0.0,0.0,0.0,0.0,0.0,2.8952566300000004,55.541994225,1.3931386,0.7
688,MINFM7024,89.5,372.0,0.0,0.0,0.55,0.0,0.0,98.3749,0.6,0.0,0.0,0.0,0.0,0.0,0.0,0.0,0.0,2.8963346299999997,55.333150024999995,1.3894985999999998,0.7
694,MINFM6952,81.5,310.0,0.0,0.0,0.43,0.0,0.0,98.8099,0.3,0.0,0.0,0.0,0.0,0.0,0.0,0.0,0.0,2.87786513,55.3968488,1.3905485999999998,0.7
700,MINFM7245,83.5,345.0,0.0,0.0,0.4,0.0,0.0,97.4999,1.35,0.0,0.0,0.0,0.0,0.24,0.0,0.0,0.0,2.95767013,55.3154815625,1.3890985999999999,0.7
705,MINFM67222,223.0,205.0,0.0,0.0,0.0,18.0,0.0,66.3449,0.0,0.0,0.0,0.0,8.0,0.0,0.0,0.0,0.0,2.70409863,51.105079405,1.2888286,0.04999999999999982
707,MINFM67294,192.0,205.0,0.0,0.0,0.0,17.0,0.0,64.8449,0.0,0.0,0.0,0.0,10.5,0.0,0.0,0.0,0.0,2.7202486299999995,51.214778405,1.2875785999999998,0.04999999999999982
719,MINFM7974,80.0,310.0,0.0,0.0,0.0,18.0,0.0,74.7299,0.0,0.0,0.0,0.0,0.0,0.0,0.0,0.0,0.0,2.6631481299999997,51.092210655,1.2982186,0.0
720,MINFM8082,294.0,827.5,0.0,0.0,0.17,0.0,0.0,94.5199,0.4,0.2,0.0,0.0,3.2,0.0,0.15,0.0,0.0,2.8814351300000003,55.137005575,1.3778186,0.75
722,MINFM8124,265.5,325.0,0.0,0.0,0.17,0.6,0.0,97.4199,0.6,0.0,0.0,0.0,0.0,0.0,0.15,0.0,0.0,2.8807851299999996,55.108294465,1.3835185999999997,0.7
723,MINFM50477,155.5,860.0,0.0,0.0,0.0,14.0,2.5,71.4599,0.0,0.0,0.0,0.0,3.5,0.0,0.0,0.0,0.0,2.6675491300000003,50.829154155000005,1.2774386,0.04999999999999982
724,MINFM67303,192.0,205.0,0.0,0.0,0.0,18.0,0.0,66.2349,0.0,0.0,0.1,0.0,8.0,0.0,0.0,0.0,0.0,2.70498063,51.057656605,1.2879385999999997,0.7499999999999999
733,MINFM66676,192.0,205.0,0.0,0.0,0.0,17.0,0.0,67.2399,0.0,0.0,0.0,0.0,8.0,0.0,0.0,0.0,0.0,2.7009851300000003,51.08493115500001,1.2873586,0.04999999999999982
736,MINFM66143,192.0,275.0,0.0,0.0,0.0,16.0,0.0,79.8099,0.0,0.0,0.0,0.0,0.0,0.0,0.0,0.0,0.0,2.7513441299999997,52.889214654999996,1.3413385999999998,0.0
737,MINFM7827,130.0,655.0,0.0,0.0,0.0,15.0,0.0,78.2299,0.0,0.0,0.0,0.0,1.25,0.0,0.0,0.0,0.0,2.72119813,52.220570155,1.3220935999999999,0.04999999999999982
739,MINFM67515,103.5,107.5,0.0,0.0,0.0,11.5,0.0,85.2799,0.0,0.0,0.0,0.0,0.0,0.0,0.0,0.0,0.0,2.77873313,53.604111655,1.3549186,0.0
746,MINFM66328,302.0,515.0,0.0,0.0,0.0,16.0,0.0,71.2499,0.0,0.0,0.0,0.0,6.0,0.0,0.0,0.4,0.0,2.7286721299999996,51.821954655,1.3080986,0.04999999999999982
762,MINFM66409,176.0,760.0,0.0,0.0,0.27,11.0,0.0,81.9799,0.95,2.5,0.0,0.0,0.0,0.0,0.0,0.0,0.2,2.84850713,54.5559694725,1.3558586,0.75
769,MINFM55111,87.0,205.0,0.0,0.0,0.0,0.0,0.0,98.5499,0.0,0.0,0.0,0.0,0.0,0.0,0.0,0.0,0.0,2.8283821299999996,55.035191655,1.3796985999999998,0.0
771,MINFM55125,103.5,345.0,0.0,0.0,0.0,0.0,0.0,99.9199,0.0,0.0,0.0,0.0,0.0,0.0,0.0,0.0,0.0,2.86770113,55.800268155,1.3988785999999998,0.0
777,MINFM54005,201.0,205.0,0.0,0.0,0.0,18.0,0.0,66.4949,0.0,0.0,0.0,0.0,8.0,0.0,0.0,0.0,0.0,2.7084036300000003,51.188846905000005,1.2909286,0.04999999999999982
786,MINFM21809,191.0,177.5,0.0,0.0,0.24,0.0,0.0,97.9799,1.3,0.0,0.0,0.0,0.0,0.0,0.0,0.0,0.0,2.93616113,55.45989542,1.3915985999999998,0.7
787,MINFM21953,203.5,450.0,0.0,0.0,0.32,0.0,0.0,97.3899,1.3,0.0,0.0,0.0,0.0,0.12,0.0,0.0,0.0,2.93464813,55.17849648,1.3850985999999998,0.7
792,MINFM21886,251.5,620.0,0.0,0.0,0.32,0.0,0.0,97.2699,1.3,0.22,0.0,0.0,0.0,0.15,0.0,0.0,0.0,2.94127513,55.33216998,1.3869086000000002,0.75
794,MINFM21753,251.5,492.5,0.0,0.0,0.5,0.0,0.0,98.4999,0.5,0.0,0.0,0.0,0.0,0.0,0.0,0.0,0.0,2.8892471299999998,55.34201288,1.3894985999999998,0.7
800,MINFM21789,193.0,177.5,0.0,0.0,0.32,0.0,0.0,98.1999,1.0,0.0,0.0,0.0,0.0,0.0,0.0,0.0,0.0,2.9186611300000003,55.427548845000004,1.3910386,0.7
801,MINFM26605,149.0,220.0,0.0,0.0,0.0,0.0,0.0,97.7699,0.0,0.0,0.0,0.0,0.0,0.0,0.0,0.0,0.0,2.80599613,54.599600655,1.3687786,0.0
804,MINFM21663,132.0,87.5,0.0,0.0,0.11,0.0,0.0,98.8099,0.6,0.0,0.0,0.0,0.0,0.0,0.0,0.0,0.0,2.89311113,55.523228695,1.3925085999999998,0.7
810,MINFM27177,91.5,295.0,0.0,0.0,0.07,0.0,0.0,97.9799,0.35,0.0,0.0,0.0,0.0,0.0,0.15,0.0,0.0,2.85378213,54.9596940525,1.3787585999999998,0.7
824,MINFM27925,85.0,128.0,0.0,0.0,0.12,0.0,0.0,98.1999,0.5,0.25,0.0,0.0,0.0,0.0,0.15,0.0,0.0,2.8830911300000004,55.41081547,1.3879135999999999,0.75
832,MINFM27269,83.0,235.0,0.0,0.0,0.17,0.0,0.0,97.7799,0.35,0.0,0.0,0.0,0.0,0.0,0.15,0.0,0.0,2.8516121299999995,54.8600147525,1.3766585999999996,0.7
837,MINFM27487,119.5,390.0,0.0,0.0,0.47,0.0,0.0,96.9199,0.5,0.0,0.0,0.0,0.0,0.0,0.15,0.0,0.0,2.8509751299999997,54.498186919999995,1.3688185999999998,0.7
841,MINFM28002,126.5,490.0,0.0,0.0,0.22,0.9,0.0,97.0199,0.5,0.15,0.0,0.0,0.0,0.0,0.17,0.0,0.0,2.87665113,55.14149717,1.3834636,0.75
859,MINFM49127,172.5,785.0,0.0,0.0,0.3,0.6,0.0,93.6599,0.4,0.0,0.0,0.0,3.2,0.0,0.17,0.0,0.0,2.87346013,54.798066184999996,1.3724085999999998,0.7
862,MINFM28558,93.5,270.0,0.7,0.0,0.0,12.0,0.0,82.3049,0.0,0.0,0.0,0.0,0.0,0.0,0.8,0.0,0.0,2.77954063,52.6162581752,1.3378186,0.2999999999999998
864,MINFM49292,127.0,295.0,0.0,0.0,0.0,23.0,0.0,68.4649,0.0,0.0,0.0,0.0,0.0,0.0,0.0,0.0,0.0,2.62734263,50.193326405,1.2805085999999999,0.0
865,MINFM28446,91.5,275.0,0.0,0.0,0.09,12.0,0.0,84.1799,0.0,0.0,0.0,0.0,0.0,0.0,0.0,0.0,0.0,2.7647761300000004,53.26060678499999,1.3471485999999997,0.7
871,MINFM28515,84.5,245.0,0.0,0.0,0.0,16.0,0.0,79.1249,0.0,0.0,0.0,0.0,0.0,0.0,0.0,0.0,0.0,2.7316846299999997,52.50667640499999,1.3317485999999998,0.0
874,MINFM29334,235.0,310.0,0.0,0.0,0.45,0.8,0.0,96.1499,0.6,0.0,0.0,0.0,0.0,0.0,0.3,0.0,0.15,2.87276713,54.655225625,1.3741735999999998,0.7
884,MINFM47051,184.5,272.5,0.0,0.0,0.0,0.0,0.0,99.7299,0.0,0.0,0.0,0.0,0.0,0.0,0.0,0.0,0.0,2.86224813,55.694162655,1.3962185999999999,0.0
896,MINFM48032,91.5,235.0,0.0,0.0,0.22,0.0,0.0,97.5699,0.5,0.0,0.0,0.0,0.0,0.0,0.15,0.0,0.0,2.86070513,54.831152669999994,1.3761685999999997,0.7
898,MINFM48043,95.5,137.5,0.0,0.0,0.27,0.0,0.0,97.5199,0.5,0.0,0.0,0.0,0.0,0.0,0.15,0.0,0.0,2.86105513,54.80923552,1.3758186,0.7
904,MINFM47177,194.5,307.5,0.0,0.0,0.0,0.0,0.0,99.6999,0.0,0.0,0.0,0.0,0.0,0.0,0.0,0.0,0.0,2.86138713,55.677409155,1.3957985999999998,0.0
906,MINFM47674,244.0,402.5,0.0,0.0,0.0,0.0,0.0,97.6549,0.0,0.0,0.0,0.0,0.0,0.0,0.0,0.0,0.0,2.80269563,54.535378905,1.3671685999999998,0.0
914,MINFM27065,238.5,325.0,0.0,0.0,0.0,0.0,0.0,99.3949,0.0,0.0,0.0,0.0,0.0,0.0,0.0,0.0,0.0,2.85263363,55.50708190500001,1.3915286,0.0
915,MINFM27143,134.0,400.0,0.0,0.0,0.0,0.0,0.0,99.1449,0.0,0.0,0.0,0.0,0.0,0.0,0.0,0.0,0.0,2.84545863,55.367469405,1.3880286,0.0
919,MINFM48338,70.5,142.0,0.0,0.0,0.3,0.0,0.0,97.3299,0.6,0.0,0.0,0.0,0.0,0.0,0.17,0.0,0.08,2.8690651299999996,54.808041575,1.3760685999999998,0.7
920,MINFM48361,97.5,340.0,0.0,0.0,0.15,0.0,0.0,96.2949,0.9,0.0,0.0,0.0,0.0,0.0,0.15,0.0,0.0,2.8571736299999997,54.33047361,1.3634285999999998,0.7
932,MINFM48942,120.0,490.0,0.0,0.0,0.15,2.7,0.0,95.1799,0.3,0.2,0.0,0.0,0.0,0.0,0.2,0.0,0.1,2.86162813,55.038932540000005,1.3820185999999999,0.75
933,MINFM48980,165.5,785.0,0.0,0.0,0.32,2.0,0.0,94.9699,0.5,0.25,0.0,0.0,0.0,0.0,0.15,0.0,0.0,2.85513013,54.67096537,1.3720935999999997,0.75
934,MINFM48983,84.5,265.0,0.0,0.0,0.0,2.5,0.0,95.4099,0.25,0.25,0.0,0.0,0.0,0.0,0.15,0.0,0.0,2.84850913,55.0008845175,1.3795136,0.34999999999999987
936,MINFM27897,115.0,172.5,0.0,0.0,0.28,0.8,0.0,96.1799,0.8,0.0,0.0,0.0,0.0,0.0,0.9,0.0,0.0,2.91338913,54.853537775,1.3807786,0.7
938,MINFM28292,267.0,637.0,0.0,0.0,0.14,0.8,0.0,95.6699,0.7,0.0,0.0,0.0,1.3,0.0,0.17,0.0,0.0,2.8909851300000002,55.0549653,1.3807786,0.7
943,MINFM32646,180.0,220.0,0.0,0.0,0.0,14.0,0.0,82.5149,0.0,0.0,0.0,0.0,0.0,0.0,0.0,0.25,0.0,2.77875263,53.479567405,1.3547086,0.0
949,MINFM32702,140.0,550.0,0.0,0.0,0.33,15.5,0.0,77.6949,0.0,0.8,0.0,0.0,0.0,0.0,0.0,0.0,0.0,2.71322463,52.255267715,1.3186385999999999,0.75
955,MINFM49019,207.5,245.0,0.0,0.0,0.18,0.0,0.0,96.2899,0.7,0.0,0.0,0.0,1.0,0.0,0.15,0.0,0.1,2.87854113,54.85928398,1.3756186,0.7
960,MINFM48458,115.0,360.0,0.0,0.0,0.12,0.0,0.0,96.4349,2.0,0.0,0.0,0.0,0.0,0.0,0.3,0.0,0.0,2.96605563,55.051500145000006,1.3822286,0.7
961,MINFM32665,180.0,320.0,0.0,0.0,0.0,10.5,0.0,83.8849,0.5,0.0,0.0,0.0,0.3,0.0,0.0,0.0,0.0,2.76490663,52.75588333,1.3324385999999997,0.04999999999999982
968,MINFM48916,142.5,635.0,0.0,0.0,0.47,0.9,0.0,96.2799,0.7,0.0,0.0,0.0,0.0,0.0,0.15,0.0,0.1,2.8793271299999996,54.76956141,1.3766086,0.7
975,MINFM49191,126.5,455.0,0.0,0.0,0.16,12.0,0.0,84.1799,0.0,0.0,0.0,0.0,0.0,0.0,0.0,0.0,0.0,2.7672751300000002,53.269014275,1.3476385999999998,0.7
981,MINFM7497,75.0,240.0,0.0,0.0,0.0,17.0,0.0,65.2949,0.0,0.0,0.0,0.0,9.0,0.0,0.0,0.0,0.0,2.68036363,50.585679905,1.2736285999999999,0.04999999999999982
983,MINFM7713,100.0,485.0,0.0,0.0,0.38,0.8,0.0,98.1449,0.75,0.15,0.0,0.0,0.0,0.0,0.15,0.0,0.0,2.93290963,55.868702452499996,1.4022136,0.75
986,MINFM6762,47.5,180.0,0.0,0.0,0.08,0.0,0.0,99.2049,0.3,0.0,0.0,0.0,0.0,0.0,0.0,0.0,0.0,2.87670663,55.57539909999999,1.3936285999999998,0.7
992,MINFM6867,63.0,345.0,0.0,0.0,0.28,0.0,0.0,98.6949,0.6,0.0,0.0,0.0,0.0,0.0,0.0,0.0,0.0,2.89587963,55.479425135,1.3920886,0.7
993,MINFM7005,89.5,345.0,0.0,0.0,0.48,0.0,0.0,98.4849,0.6,0.0,0.0,0.0,0.0,0.0,0.0,0.0,0.0,2.89699263,55.386172035,1.3905485999999998,0.7
994,MINFM6888,71.5,275.0,0.0,0.0,0.32,0.0,0.0,98.6549,0.6,0.0,0.0,0.0,0.0,0.0,0.0,0.0,0.0,2.8961596299999997,55.461891415000004,1.3918085999999998,0.7
1004,MINFM7073,98.5,540.0,0.0,0.0,0.85,0.0,0.0,98.0549,0.6,0.0,0.0,0.0,0.0,0.0,0.0,0.0,0.0,2.8978606300000003,55.190478125,1.3871186,0.7
1008,MINFM6968,85.0,325.0,0.0,0.0,0.43,0.0,0.0,98.4349,0.7,0.0,0.0,0.0,0.0,0.0,0.0,0.0,0.0,2.90266263,55.40718223,1.3908985999999999,0.7
1024,MINFM7802,87.5,345.0,0.0,0.0,0.0,12.0,0.0,83.9299,0.0,0.0,0.0,0.0,0.0,0.0,0.0,0.0,0.0,2.75438813,53.110184655,1.3430186,0.0
1025,MINFM7919,77.5,310.0,0.0,0.0,0.0,16.0,0.0,77.8599,0.0,0.75,0.0,0.0,0.0,0.0,0.0,0.0,0.0,2.7190041299999996,52.519787155,1.3249135999999997,0.050000000000000044
1028,MINFM7599,75.0,276.0,0.1,0.0,0.0,11.5,0.0,82.4499,0.0,0.0,0.0,0.0,0.0,0.0,0.0,0.0,0.0,2.7015621299999997,52.050679693599996,1.3165486,0.1499999999999999
1029,MINFM7736,100.0,485.0,0.0,0.0,0.37,0.75,0.0,97.7849,0.65,0.15,0.0,0.0,0.0,0.0,0.15,0.0,0.0,2.9118906299999994,55.585523287499996,1.3950035999999997,0.75
1030,MINFM7996,138.5,379.0,0.0,0.0,0.17,0.0,0.0,96.4549,0.45,0.2,0.0,0.0,1.65,0.0,0.15,0.0,0.0,2.8868546299999998,55.3353276475,1.3846835999999998,0.75
1034,MINFM7814,77.5,310.0,0.0,0.0,0.0,16.0,0.0,79.0599,0.0,0.0,0.0,0.0,0.0,0.0,0.0,0.0,0.0,2.7298191299999996,52.470377155,1.3308385999999999,0.0
1035,MINFM50428,77.5,310.0,0.0,0.0,0.0,14.0,0.0,78.6099,0.0,0.0,0.0,0.0,0.0,0.0,0.0,0.0,0.0,2.6593041299999998,51.179152654999996,1.2965385999999999,0.0
1042,MINFM6756,43.0,165.0,0.0,0.0,0.0,0.0,0.0,99.4299,0.25,0.0,0.0,0.0,0.0,0.0,0.0,0.0,0.0,2.8758631300000004,55.6639727675,1.3955186,0.0
1049,MINFM8503,138.5,931.0,0.0,0.0,0.38,0.4,0.0,97.2149,0.75,0.15,0.0,0.0,0.4,0.0,0.15,0.0,0.0,2.9087786299999996,55.376133152499996,1.3889936,0.75
1056,MINFM66139,297.0,550.0,0.0,0.0,0.0,24.0,1.5,57.2399,0.0,2.9,0.1,0.0,4.5,0.0,0.0,0.0,0.0,2.64192413,50.835345855,1.2610586,0.7999999999999999
1058,MINFM66146,217.0,275.0,0.0,0.0,0.0,25.0,0.0,69.2349,0.0,0.75,0.0,0.05,0.0,0.0,0.0,0.0,0.0,2.7323166299999997,52.429258094999994,1.3308885999999998,0.050000000000000044
1079,MINFM53260,201.0,205.0,0.0,0.0,0.0,16.0,0.0,70.9249,0.0,0.0,0.0,0.0,6.0,0.0,0.0,0.0,0.0,2.70754463,51.448990404999996,1.2979485999999998,0.04999999999999982
1089,MINFM55332,259.0,585.0,0.9,0.0,0.0,12.25,0.0,74.0319,0.0,2.0,0.0,0.0,7.5,0.0,0.0,0.0,0.0,2.840965529999999,54.2762756524,1.3494465999999998,0.19999999999999996
1091,MINFM54250,241.0,205.0,0.0,1.5,0.0,18.0,0.0,60.2549,0.0,0.0,0.0,0.0,12.0,0.0,0.0,0.0,0.0,2.8010656299999996,50.214019905,1.2703186,0.5499999999999999
1094,MINFM21824,199.5,192.5,0.0,0.0,0.32,0.0,0.0,97.8999,1.3,0.0,0.0,0.0,0.0,0.0,0.0,0.0,0.0,2.93672113,55.42482798,1.3910386,0.7
1105,MINFM21917,288.0,747.5,0.0,0.0,0.36,0.9,0.0,96.9999,0.7,0.25,0.0,0.0,0.0,0.0,0.0,0.0,0.0,2.89277413,55.305213890000005,1.3865435999999995,0.75
1106,MINFM26632,129.5,117.5,0.0,0.0,0.0,0.0,0.0,96.9699,0.0,0.0,0.0,0.0,0.0,0.0,0.0,0.0,0.0,2.7830361299999997,54.152840655,1.3575785999999999,0.0
1108,MINFM21670,147.5,107.5,0.0,0.0,0.16,0.0,0.0,98.8599,0.5,0.0,0.0,0.0,0.0,0.0,0.0,0.0,0.0,2.8874411299999996,55.5022185,1.3921585999999997,0.7
1109,MINFM21679,159.0,122.5,0.0,0.0,0.22,0.0,0.0,98.7999,0.5,0.0,0.0,0.0,0.0,0.0,0.0,0.0,0.0,2.8878611299999997,55.47591791999999,1.3917385999999998,0.7
1112,MINFM21700,175.0,140.0,0.0,0.0,0.32,0.0,0.0,98.5999,0.6,0.0,0.0,0.0,0.0,0.0,0.0,0.0,0.0,2.89458113,55.431176665,1.3910386,0.7
1116,MINFM21771,163.0,147.5,0.0,0.0,0.15,0.0,0.0,98.3699,1.0,0.0,0.0,0.0,0.0,0.0,0.0,0.0,0.0,2.91747113,55.502067155,1.3922286,0.7
1120,MINFM27183,135.0,195.0,0.0,0.0,0.0,0.0,0.0,98.7849,0.2,0.0,0.0,0.0,0.0,0.0,0.0,0.0,0.0,2.85290663,55.27630349499999,1.3857885999999997,0.0
1122,MINFM47939,111.0,225.0,0.0,0.0,0.13,0.0,0.0,97.5699,0.6,0.0,0.0,0.0,0.0,0.0,0.15,0.0,0.0,2.86638213,54.875281085,1.3769385999999997,0.7
1140,MINFM27853,345.0,883.0,0.0,0.0,0.23,1.0,0.0,96.7699,0.8,0.0,0.0,0.0,0.0,0.0,0.17,0.04,0.0,2.89583813,55.095132775,1.3840185999999999,0.7
1152,MINFM27383,107.0,295.0,0.0,0.0,0.37,0.0,0.0,97.4299,0.5,0.0,0.0,0.0,0.0,0.0,0.15,0.0,0.0,2.86204213,54.77098572,1.3752585999999998,0.7
1157,MINFM27433,112.5,162.5,0.0,0.0,0.42,0.0,0.0,97.3999,0.5,0.0,0.0,0.0,0.0,0.0,0.17,0.0,0.0,2.86405213,54.76585467,1.3754086,0.7
1162,MINFM28335,139.0,637.0,0.0,0.0,0.18,1.4,0.0,94.3599,0.4,0.6,0.0,0.0,0.8,0.0,0.2,0.0,0.03,2.84926113,54.781243644999996,1.3696036,0.75
1168,MINFM28232,172.5,834.0,0.0,0.0,0.24,2.3,0.0,95.1199,0.4,0.2,0.0,0.0,0.0,0.0,0.17,0.0,0.15,2.86037013,54.880233915,1.3779535999999997,0.75
1169,MINFM28244,172.5,785.0,0.7,0.0,0.35,1.35,0.0,95.5399,0.3,0.15,0.0,0.0,0.0,0.0,0.17,0.0,0.0,2.8623461300000006,54.6435822102,1.3759036,0.75
1171,MINFM28068,142.5,317.5,0.0,0.0,0.24,2.2,0.0,95.7199,0.4,0.0,0.0,0.0,0.0,0.0,0.17,0.0,0.1,2.86690013,54.945957064999995,1.3813785999999997,0.7
1184,MINFM48881,98.5,171.5,0.0,0.0,0.3,0.7,0.0,96.8099,0.7,0.0,0.0,0.0,0.0,0.0,0.17,0.0,0.1,2.88379513,54.94674662,1.3802586,0.7
1207,MINFM47374,207.0,333.5,0.0,0.0,0.0,0.0,0.0,99.6599,0.0,0.0,0.0,0.0,0.0,0.0,0.0,0.0,0.0,2.8602391299999996,55.655071154999995,1.3952385999999997,0.0
1216,MINFM48132,90.0,367.5,0.0,0.001,0.32,0.0,0.0,98.3649,0.5,0.0,0.0,0.0,0.0,0.0,0.0,0.0,0.0,2.8790339300000003,55.24511098000001,1.3863571,0.7
1234,MINFM49941,172.5,830.0,0.01,0.001,0.34,0.8,0.0,96.1929,0.8,0.1,0.0,0.01,0.0,0.0,0.15,0.02,0.05,2.88125153,54.80044384686,1.3758140999999997,0.75
1247,MINFM32708,145.0,550.0,0.0,0.0,0.0,12.5,0.0,79.0999,0.0,0.4,0.0,0.0,3.5,0.0,0.0,0.0,0.0,2.76596713,53.110880655,1.3354486,0.09999999999999987
1248,MINFM48509,200.5,883.0,0.0,0.0,0.5,0.3,0.0,96.6199,0.7,0.0,0.0,0.0,0.0,0.0,0.3,0.0,0.0,2.87800113,54.642247770000004,1.3734786,0.7
1250,MINFM48513,150.0,520.0,0.0,0.0,0.52,0.3,0.0,96.9799,0.9,0.0,0.0,0.0,0.0,0.0,0.25,0.0,0.0,2.90411213,54.94152525,1.3809086,0.7
1252,MINFM48525,210.0,441.0,0.0,0.0,0.9,1.3,0.0,94.2929,0.9,0.0,0.0,0.0,0.0,0.0,0.35,0.0,0.0,2.8747912300000005,54.03465726,1.3610505999999998,0.7
1266,MINFM32671,200.0,320.0,0.0,0.0,0.0,17.0,0.0,75.1299,0.0,1.8,0.0,0.0,0.0,0.0,0.0,0.0,0.0,2.70252813,52.522549655000006,1.3159186,0.050000000000000044
1268,MINFM48490,176.0,343.0,0.0,0.0,0.12,0.7,0.0,97.6799,0.4,0.0,0.0,0.0,0.0,0.0,0.17,0.0,0.0,2.87264813,55.195223225,1.3856286,0.7
1280,MINFM32717,162.5,550.0,0.0,0.0,0.0,15.0,0.0,73.3999,0.0,0.8,0.0,0.0,4.5,0.0,0.0,0.0,0.0,2.7221771300000004,52.198312154999996,1.3099485999999998,0.09999999999999987
1281,MINFM48553,300.0,686.0,0.0,0.0,0.17,1.0,0.0,96.7399,1.0,0.0,0.0,0.0,0.0,0.0,0.17,0.0,0.0,2.9094351300000003,55.161902145000006,1.3854186,0.7
1282,MINFM27840,134.5,588.0,0.0,0.001,0.28,0.8,0.0,96.5249,0.9,0.0,0.0,0.0,0.0,0.0,0.0,0.0,0.0,2.88339793,54.848479680000004,1.3771171,0.7
1284,MINFM48740,126.5,490.0,0.0,0.0,0.26,0.8,0.0,97.1699,0.4,0.15,0.0,0.0,0.0,0.0,0.17,0.0,0.0,2.87061413,55.123134805,1.3830435999999997,0.75
1312,MINFM6912,74.5,353.0,0.0,0.0,0.37,0.0,0.0,98.5949,0.6,0.0,0.0,0.0,0.0,0.0,0.0,0.0,0.0,2.89622263,55.43438976499999,1.3913186,0.7
1313,MINFM7055,87.0,190.0,0.0,0.0,0.75,0.0,0.0,98.1549,0.6,0.0,0.0,0.0,0.0,0.0,0.0,0.0,0.0,2.89716063,55.234312425,1.3878185999999997,0.7
1314,MINFM6956,81.5,310.0,0.0,0.0,0.43,0.0,0.0,98.5349,0.6,0.0,0.0,0.0,0.0,0.0,0.0,0.0,0.0,2.8966426299999997,55.408089184999994,1.3908985999999997,0.7
1315,MINFM7145,58.0,220.0,0.0,0.0,0.14,0.0,0.0,98.0299,1.3,0.0,0.0,0.0,0.0,0.08,0.0,0.0,0.0,2.94240213,55.50145922,1.3923985999999997,0.7
1316,MINFM7116,60.5,235.0,0.0,0.0,0.14,0.0,0.0,98.3299,1.0,0.0,0.0,0.0,0.0,0.08,0.0,0.0,0.0,2.92434213,55.504180085,1.3923985999999997,0.7
1318,MINFM7170,87.0,345.0,0.0,0.0,0.32,0.0,0.0,97.7899,1.35,0.0,0.0,0.0,0.0,0.08,0.0,0.0,0.0,2.94638513,55.4165195025,1.3909985999999999,0.7
1328,MINFM67295,192.0,205.0,0.0,0.0,0.0,18.0,0.0,66.1849,0.0,0.0,0.1,0.0,8.0,0.0,0.0,0.0,0.0,2.70354563,51.029734105,1.2872385999999998,0.7499999999999999
1333,MINFM67260,160.5,517.5,0.0,0.0,0.0,19.5,0.5,51.4199,0.0,6.0,0.18,0.0,17.5,0.0,0.0,0.0,0.0,2.86767133,55.225369715,1.3240485999999998,0.7999999999999999
1339,MINFM7975,127.5,192.5,0.0,0.0,0.2,0.0,0.0,97.9749,0.7,0.35,0.0,0.0,0.0,0.0,0.15,0.0,0.0,2.90041963,55.50058887000001,1.3895736,0.75
1343,MINFM8695,289.0,254.5,0.0,0.0,0.14,0.25,0.0,97.0499,0.7,0.08,0.0,0.0,0.25,0.0,0.15,0.0,0.0,2.87922513,54.99450194999999,1.3791635999999998,0.75
1344,MINFM8102,80.0,205.0,0.0,0.0,0.0,4.0,0.0,91.2799,0.0,0.4,0.0,0.0,0.0,0.0,0.0,0.0,0.0,2.74753313,53.438864155000005,1.3397185999999999,0.050000000000000044
1345,MINFM8105,75.0,170.0,0.0,0.0,0.0,4.0,0.0,91.1799,0.0,0.4,0.0,0.0,0.0,0.0,0.0,0.0,0.0,2.74466313,53.383019155,1.3383186,0.050000000000000044
1354,MINFM8051,321.0,475.5,0.0,0.0,0.12,0.0,0.0,94.6699,0.3,0.2,0.0,0.0,3.2,0.0,0.15,0.0,0.0,2.87506513,55.159829679999994,1.3781685999999997,0.75
1360,MINFM8034,336.0,367.5,0.0,0.0,0.16,0.35,0.0,96.8599,0.7,0.3,0.0,0.0,0.9,0.0,0.15,0.0,0.0,2.90717613,55.53536979,1.3900085999999998,0.75
1361,MINFM8662,176.0,346.5,0.0,0.0,0.19,0.35,0.0,96.5499,0.7,0.3,0.0,0.0,0.35,0.0,0.15,0.0,0.0,2.8799901299999995,55.0430398,1.3784535999999998,0.75
1362,MINFM8388,121.5,550.0,0.0,0.0,0.14,0.35,0.0,96.8499,0.6,0.15,0.0,0.0,0.35,0.0,0.15,0.0,0.0,2.8732001300000003,55.005721405,1.3787285999999999,0.75
1363,MINFM8448,176.0,346.5,0.0,0.0,0.2,0.4,0.0,97.5049,0.7,0.15,0.0,0.0,0.4,0.0,0.15,0.0,0.0,2.9062306300000005,55.488995370000005,1.3910936,0.75
1372,MINFM66144,192.0,275.0,0.0,0.0,0.0,17.0,0.0,78.3199,0.0,0.0,0.0,0.0,0.0,0.0,0.0,0.0,0.0,2.7373811299999997,52.577085155000006,1.3344786,0.0
1373,MINFM66158,302.0,690.0,0.0,0.0,0.0,11.5,0.0,83.9499,0.0,0.0,0.0,0.05,0.0,0.0,0.0,0.0,0.0,2.74221213,52.907826345000004,1.3370235999999998,0.050000000000000044
1376,MINFM66092,255.0,345.0,0.0,0.0,0.0,15.0,0.0,65.5699,4.0,0.0,0.08,0.0,4.0,0.0,3.0,0.0,0.0,2.9763873299999997,49.815953815,1.2714986,0.7499999999999999
1377,MINFM66101,241.0,345.0,0.0,0.0,0.0,16.0,0.0,59.1299,7.0,0.0,0.08,0.0,8.0,0.0,3.5,0.0,0.0,3.2550093299999996,50.875801665,1.2968385999999998,0.7499999999999999
1378,MINFM66400,176.0,795.0,0.0,0.0,0.08,11.0,0.0,80.5999,0.5,1.5,0.01,0.0,2.0,0.0,0.0,0.0,0.25,2.8029270299999998,53.756606360000006,1.3421485999999998,0.7999999999999999
1382,MINFM66397,160.5,380.0,0.0,0.0,0.0,12.0,0.0,74.0049,0.5,1.5,0.06,0.0,4.0,0.0,0.0,0.0,0.0,2.7044640300000005,51.637498650000005,1.2872085999999998,0.7999999999999999
1387,MINFM55403,302.0,515.0,0.0,0.0,0.03,12.5,0.0,62.3529,1.65,1.5,0.0,0.0,14.5,0.0,0.5,0.1,0.0,2.88503423,52.3685079575,1.2956505999999999,0.75
1389,MINFM54240,201.0,205.0,0.0,0.3,0.0,18.0,0.0,61.5049,0.0,0.0,0.0,0.0,12.0,0.0,0.0,0.0,0.0,2.7321806299999998,50.782350405,1.2776185999999998,0.5499999999999999
1390,MINFM54242,201.0,205.0,0.0,0.5,0.0,18.0,0.0,61.2549,0.0,0.0,0.0,0.0,12.0,0.0,0.0,0.0,0.0,2.74246563,50.664359905,1.2758186,0.5499999999999999
1392,MINFM54245,201.0,205.0,0.0,0.75,0.0,18.0,0.0,61.0049,0.0,0.0,0.0,0.0,12.0,0.0,0.0,0.0,0.0,2.75711563,50.551774905,1.2744436000000001,0.5499999999999999
1394,MINFM54011,183.0,170.0,0.0,0.0,0.0,18.0,0.0,65.0449,0.0,0.0,0.0,0.0,8.0,0.0,0.0,0.0,0.0,2.66678863,50.379094405000004,1.2706285999999998,0.04999999999999982
1408,MINFM55357,262.0,520.0,0.0,0.0,0.0,14.0,1.25,72.1399,0.0,0.5,0.0,0.0,5.0,0.0,0.0,0.0,0.0,2.71049013,51.774676155,1.2975835999999998,0.09999999999999987
1409,MINFM66314,255.0,515.0,0.0,0.0,0.0,15.0,3.0,69.9099,0.0,0.0,0.0,0.0,3.0,0.0,0.0,0.0,0.0,2.6523141299999993,50.507780655,1.2697385999999997,0.04999999999999982
1416,MINFM53160,155.0,335.0,0.0,0.0,0.0,14.0,2.5,73.5649,0.0,0.0,0.0,0.15,4.5,0.0,0.0,0.0,0.0,2.76811263,52.730984975,1.3225835999999997,0.09999999999999987
1424,MINFM21694,163.0,122.5,0.0,0.0,0.26,0.0,0.0,98.6599,0.6,0.0,0.0,0.0,0.0,0.0,0.0,0.0,0.0,2.89416113,55.45747724499999,1.3914585999999998,0.7
1425,MINFM21719,190.5,155.0,0.0,0.0,0.42,0.0,0.0,98.4999,0.6,0.0,0.0,0.0,0.0,0.0,0.0,0.0,0.0,2.89528113,55.387342364999995,1.3903385999999998,0.7
1426,MINFM21776,178.0,162.5,0.0,0.0,0.24,0.0,0.0,98.2799,1.0,0.0,0.0,0.0,0.0,0.0,0.0,0.0,0.0,2.91810113,55.462616284999996,1.3915985999999998,0.7
1427,MINFM26386,135.0,225.5,0.0,0.0,0.0,0.0,0.0,99.6299,0.0,0.0,0.0,0.0,0.0,0.0,0.0,0.0,0.0,2.85937813,55.638317655,1.3948186,0.0
1428,MINFM21796,176.5,162.5,0.0,0.0,0.15,0.0,0.0,98.0699,1.3,0.0,0.0,0.0,0.0,0.0,0.0,0.0,0.0,2.93553113,55.499346290000005,1.3922286,0.7
1440,MINFM27017,191.0,315.0,0.0,0.0,0.0,0.0,0.0,99.4099,0.0,0.0,0.0,0.0,0.0,0.0,0.0,0.0,0.0,2.85306413,55.515458654999996,1.3917385999999998,0.0
1441,MINFM47811,219.0,355.0,0.0,0.0,0.0,0.0,0.0,99.2599,0.0,0.0,0.0,0.0,0.0,0.0,0.0,0.0,0.0,2.84875913,55.431691155,1.3896385999999998,0.0
1456,MINFM27885,126.5,375.0,0.0,0.0,0.55,0.8,0.0,96.6699,0.7,0.0,0.0,0.0,0.0,0.0,0.15,0.0,0.0,2.88747613,54.894027869999995,1.3798785999999998,0.7
1472,MINFM27629,159.0,142.5,0.0,0.0,0.17,0.0,0.0,96.0399,1.0,0.0,0.0,0.0,0.0,0.0,0.15,0.0,0.1,2.86247913,54.296350545,1.3627485999999998,0.7
1473,MINFM27632,95.5,171.5,0.0,0.0,0.16,0.0,0.0,96.0899,1.3,0.0,0.0,0.0,0.0,0.0,0.2,0.0,0.0,2.88992213,54.45098736,1.3667786,0.7
1474,MINFM48386,169.5,490.0,0.0,0.0,0.7,0.0,0.0,96.5749,0.9,0.0,0.0,0.0,0.0,0.0,0.15,0.0,0.0,2.88484463,54.552898459999994,1.3711985999999998,0.7
1475,MINFM48769,98.5,294.0,0.0,0.0,0.12,0.8,0.0,96.7499,0.8,0.0,0.0,0.0,0.0,0.0,0.17,0.0,0.1,2.8874171299999998,54.998554505,1.3809586,0.7
1477,MINFM28051,183.0,196.0,0.0,0.0,0.17,0.0,0.0,96.4399,1.2,0.3,0.0,0.0,0.0,0.0,0.15,0.0,0.0,2.89816913,54.866485135,1.3741485999999998,0.75
1483,MINFM28234,207.5,220.5,0.0,0.0,0.2,1.4,0.0,95.6999,1.1,0.0,0.0,0.0,0.0,0.0,0.15,0.0,0.1,2.90300213,54.8929642,1.3791985999999998,0.7
1499,MINFM28261,112.5,440.0,0.0,0.0,0.18,2.7,0.0,93.4399,0.5,0.25,0.0,0.0,0.0,0.0,0.15,0.0,0.0,2.82638113,54.163694590000006,1.3594935999999997,0.75
1504,MINFM49128,150.0,735.0,0.0,0.0,0.32,1.7,0.0,94.2799,0.4,0.15,0.0,0.0,1.5,0.0,0.15,0.0,0.1,2.8704671299999998,54.910111025,1.3769836,0.75
1506,MINFM28561,122.5,490.0,0.0,0.0,0.17,10.0,0.0,83.2549,0.5,0.8,0.0,0.0,0.3,0.0,0.25,0.0,0.2,2.78330963,53.104114270000004,1.3348586,0.75
1524,MINFM47160,118.0,102.5,0.0,0.0,0.0,0.0,0.0,97.0299,0.0,0.0,0.0,0.0,0.0,0.0,0.0,0.0,0.0,2.7847581299999997,54.186347655,1.3584185999999998,0.0
1525,MINFM47257,67.5,112.5,0.0,0.0,0.0,0.0,0.0,99.7399,0.0,0.0,0.0,0.0,0.0,0.0,0.0,0.0,0.0,2.86253513,55.699747155000004,1.3963586,0.0
1537,MINFM47921,45.0,165.0,0.0,0.0,0.0,0.0,0.0,99.2999,0.0,0.0,0.0,0.0,0.0,0.0,0.0,0.0,0.0,2.8499071299999996,55.45402915499999,1.3901985999999997,0.0
1548,MINFM48313,165.0,510.0,0.0,0.0,0.57,0.0,0.0,97.8349,0.6,0.0,0.0,0.0,0.0,0.0,0.2,0.0,0.0,2.89241063,55.090160165,1.3842785999999998,0.7
1582,MINFM46994,115.0,87.5,0.0,0.0,0.0,0.0,0.0,99.8299,0.0,0.0,0.0,0.0,0.0,0.0,0.0,0.0,0.0,2.86511813,55.750007655,1.3976185999999997,0.0
1600,MINFM48667,85.0,290.0,0.0,0.0,0.08,0.5,0.0,97.4299,0.4,0.08,0.0,0.0,0.0,0.0,0.15,0.0,0.2,2.86575913,55.119832145000004,1.3826885999999998,0.75
1601,MINFM28473,137.5,495.0,0.0,0.0,0.26,12.0,0.0,84.0799,0.0,0.0,0.0,0.0,0.0,0.0,0.0,0.0,0.0,2.76797513,53.22517997499999,1.3469385999999997,0.7
1602,MINFM48822,158.5,705.0,0.0,0.0,0.24,0.6,0.0,96.8599,1.0,0.0,0.0,0.0,0.0,0.0,0.17,0.0,0.1,2.90687813,55.080280734999995,1.3833385999999996,0.7
1605,MINFM7312,246.0,672.0,0.0,0.0,0.37,0.0,0.0,97.1599,1.45,0.0,0.0,0.0,0.0,0.0,0.15,0.0,0.0,2.9387481299999996,55.14211564749999,1.3847785999999997,0.7
1606,MINFM7414,75.0,205.0,0.0,0.0,0.0,18.0,0.0,63.8449,0.0,0.0,0.0,0.0,10.0,0.0,0.0,0.0,0.0,2.7027486300000003,50.882822405,1.2808286,0.04999999999999982
1607,MINFM7765,286.0,797.5,0.0,0.0,0.47,0.75,0.0,96.5599,0.65,0.15,0.0,0.0,0.0,0.0,0.15,0.0,0.0,2.8803031299999997,54.9134327375,1.3785535999999996,0.75
1608,MINFM7879,302.5,817.5,0.0,0.0,0.38,0.9,0.0,95.2199,0.6,0.2,0.0,0.0,1.65,0.0,0.15,0.0,0.0,2.89816213,55.22123633499999,1.3835636,0.75
1609,MINFM7959,169.0,390.0,0.0,0.0,0.17,0.0,0.0,98.0699,0.35,0.45,0.0,0.0,0.0,0.0,0.15,0.0,0.0,2.87411013,55.453695252500005,1.3872436,0.75
1612,MINFM8618,276.5,777.5,0.0,0.0,0.38,0.4,0.0,96.5949,0.75,0.2,0.0,0.0,0.4,0.0,0.15,0.0,0.0,2.89255963,55.0778641525,1.3810386,0.75
1615,MINFM8136,234.5,600.0,0.0,0.0,0.38,0.7,0.0,97.4199,0.7,0.0,0.0,0.0,0.0,0.0,0.15,0.0,0.0,2.9000521299999997,55.24045108,1.3877885999999997,0.7
1616,MINFM6780,50.5,190.0,0.0,0.0,0.13,0.0,0.0,99.1549,0.3,0.0,0.0,0.0,0.0,0.0,0.0,0.0,0.0,2.8770566300000002,55.55348195,1.3932785999999997,0.7
1617,MINFM7078,96.0,380.0,0.0,0.0,0.9,0.0,0.0,98.3949,0.3,0.0,0.0,0.0,0.0,0.0,0.0,0.0,0.0,2.88273363,55.221542340000006,1.3880286,0.7
1618,MINFM8463,229.0,702.5,0.0,0.0,0.28,0.4,0.0,98.3449,0.7,0.15,0.0,0.0,0.4,0.0,0.15,0.0,0.0,2.93319463,55.96770193,1.4034136,0.75
1619,MINFM8571,287.5,775.0,0.0,0.0,0.47,0.35,0.0,96.4099,0.7,0.15,0.0,0.0,0.35,0.0,0.15,0.0,0.0,2.88124313,54.85457675999999,1.3762785999999998,0.75
1622,MINFM52864,135.0,257.5,0.0,0.0,0.0,24.5,0.0,63.1199,0.0,3.5,0.0,0.0,3.5,0.0,0.0,0.0,0.0,2.75059113,53.400521655000006,1.3246786,0.09999999999999987
1624,MINFM67353,192.0,205.0,0.0,0.0,0.0,18.0,0.0,58.1449,0.0,3.0,0.0,0.0,11.0,0.0,0.0,0.0,0.0,2.66885863,51.164791405,1.2580285999999998,0.09999999999999987
1628,MINFM67317,163.0,205.0,0.0,0.0,0.05,1.0,0.0,96.0499,0.3,0.44,0.0,0.0,0.0,0.0,0.5,0.0,0.0,2.85489713,54.892410639999994,1.3751285999999998,0.75
1629,MINFM52010,124.0,102.5,0.0,0.0,0.0,0.0,0.0,97.5799,0.3,0.44,0.0,0.0,0.0,0.0,0.1,0.0,0.0,2.84650313,55.108530789999996,1.3777985999999998,0.34999999999999987
1631,MINFM67320,163.0,205.0,0.0,0.0,0.15,0.8,0.0,97.4899,0.3,0.0,0.0,0.0,0.0,0.0,0.15,0.0,0.0,2.86117013,55.084161890000004,1.3829586,0.7
1632,MINFM67606,103.5,137.5,0.0,0.0,0.0,23.0,0.0,70.5599,0.0,0.0,0.0,0.0,0.0,0.0,0.0,0.0,0.0,2.6874691299999998,51.363279155,1.3098386,0.0
1636,MINFM52254,192.0,205.0,0.0,0.0,0.04,18.0,0.0,66.0799,0.0,0.0,0.0,0.0,8.0,0.0,0.0,0.0,0.0,2.69792113,50.961894435000005,1.2853985999999997,0.7
1637,MINFM51990,98.5,120.0,0.0,0.0,0.0,0.0,0.0,95.7619,0.29,0.0,0.0,0.0,0.0,0.0,0.0,0.0,0.0,2.7741475299999996,53.6375533855,1.3447265999999998,0.0
1638,MINFM66182,241.0,310.0,0.0,0.0,0.0,16.0,0.0,67.9099,6.4,0.0,0.1,0.0,4.0,0.0,0.0,0.0,0.0,3.12361313,52.121437234999995,1.3189885999999995,0.7499999999999999
1639,MINFM67332,219.0,310.0,0.0,0.0,0.0,17.0,0.0,63.5099,7.5,0.0,0.0,0.0,4.0,0.0,0.0,0.0,0.0,3.11988413,50.77453003,1.2861386,0.04999999999999982
1640,MINFM51930,73.0,102.5,0.0,0.0,0.1,0.0,0.0,97.7999,0.3,0.44,0.0,0.0,0.0,0.0,0.1,0.0,0.0,2.8563871299999994,55.24340048999999,1.3815785999999997,0.75
1641,MINFM51952,73.0,97.5,0.0,0.0,0.0,0.0,0.0,97.8599,0.3,0.44,0.0,0.0,0.0,0.0,0.1,0.0,0.0,2.85453913,55.264896789999995,1.3817185999999997,0.34999999999999987
1646,MINFM67326,179.0,205.0,0.0,0.0,0.0,4.0,0.0,90.5499,0.3,0.45,0.0,0.0,0.0,0.0,1.0,0.0,0.0,2.8091271300000002,53.52483478999999,1.3454235999999997,0.34999999999999987
1648,MINFM53295,241.0,500.0,0.0,0.0,0.0,28.0,0.0,62.8799,0.0,1.8,0.0,0.15,3.0,0.0,0.0,0.0,0.0,2.77830313,53.301269725,1.3410936,0.09999999999999987
1649,MINFM67331,219.0,260.0,0.0,0.0,0.0,16.0,0.0,67.5099,5.5,0.0,0.0,0.0,3.5,0.0,0.0,0.0,0.0,3.01048413,51.09614112999999,1.2933885999999999,0.04999999999999982
1650,MINFM52744,120.5,207.5,0.0,0.0,0.0,28.0,0.0,64.8999,0.0,3.5,0.0,0.0,0.0,0.0,0.0,0.0,0.0,2.77927713,54.16015715500001,1.3513486,0.050000000000000044
1652,MINFM53317,223.0,415.0,0.0,0.0,0.0,28.0,0.0,62.5499,0.0,3.5,0.0,0.0,2.0,0.0,0.0,0.0,0.0,2.7822321299999997,54.021667655,1.3454485999999999,0.09999999999999987
1653,MINFM67153,170.0,205.0,0.0,0.0,0.05,2.0,0.0,95.0399,0.3,0.87,0.0,0.0,0.0,0.0,0.0,0.0,0.0,2.84110513,55.120451640000006,1.3757236,0.75
1654,MINFM66226,217.0,205.0,0.0,0.0,0.0,16.0,0.0,61.9849,0.0,2.0,0.1,0.0,10.0,0.0,0.0,0.0,0.0,2.65880563,50.736990105000004,1.2564385999999998,0.7999999999999999
1655,MINFM67216,299.0,655.0,0.0,0.0,0.37,0.75,0.0,96.5349,0.65,0.15,0.0,0.0,0.0,0.0,0.15,0.0,0.0,2.8760156299999995,54.88746078749999,1.3775035999999996,0.75
1656,MINFM66263,183.0,205.0,0.0,0.0,0.0,17.0,0.0,78.1699,0.0,0.0,0.0,0.0,0.0,0.0,0.0,0.0,0.0,2.7330761299999997,52.493317655,1.3323785999999997,0.0
1657,MINFM52032,98.5,157.5,0.0,0.0,0.05,1.0,0.0,96.0399,0.3,0.44,0.0,0.0,0.0,0.0,0.5,0.0,0.0,2.85461013,54.886826140000004,1.3749885999999998,0.75
1658,MINFM67385,135.0,257.5,0.0,0.0,0.0,24.5,0.0,63.0699,0.0,3.5,0.0,0.0,3.5,0.0,0.0,0.0,0.0,2.74915613,53.372599155,1.3239785999999998,0.09999999999999987
1659,MINFM55958,192.0,205.0,0.0,0.0,0.005,17.0,0.0,64.2349,0.0,0.0,0.06,0.0,9.0,0.0,0.0,0.0,0.0,2.65254353,50.002727459999996,1.2592135999999998,0.7499999999999999
1663,MINFM66238,201.0,205.0,0.0,0.0,0.04,17.0,0.0,64.0749,0.0,0.0,0.0,0.0,9.0,0.0,0.0,0.0,0.0,2.64677763,49.909175185,1.2568285999999997,0.7
1664,MINFM66239,201.0,205.0,0.0,0.0,0.0,17.0,0.0,64.7949,0.0,0.0,0.0,0.0,9.0,0.0,0.0,0.0,0.0,2.66601363,50.306454905,1.2666285999999998,0.04999999999999982
1665,MINFM52181,163.0,102.5,0.0,0.0,0.1,0.5,0.0,97.3799,0.3,0.44,0.0,0.0,0.0,0.0,0.1,0.0,0.0,2.85873313,55.26883199,1.3826985999999999,0.75
1667,MINFM67632,120.5,155.0,0.0,0.0,0.0,25.0,0.0,68.8899,0.0,0.75,0.0,0.0,0.0,0.0,0.0,0.0,0.0,2.72076513,52.190139655,1.3253335999999998,0.050000000000000044
1668,MINFM52256,192.0,205.0,0.0,0.0,0.04,16.0,0.0,62.0799,0.0,2.0,0.0,0.0,11.0,0.0,0.0,0.0,0.0,2.69412113,51.367774435,1.2708985999999998,0.75
1670,MINFM67463,147.5,310.0,0.0,0.0,0.0,11.5,0.0,78.3899,0.5,0.5,0.0,0.0,3.5,0.0,0.0,0.0,0.0,2.76439013,52.565050379999995,1.3199585999999999,0.09999999999999987
1671,MINFM67528,95.0,120.0,0.0,0.0,0.0,14.0,0.0,82.8099,0.0,0.0,0.0,0.0,0.0,0.0,0.0,0.0,0.0,2.77984413,53.524642655,1.3553385999999998,0.0
1672,MINFM67140,124.0,450.0,0.0,0.0,0.0,4.0,0.0,91.4299,0.0,0.44,0.0,0.0,0.0,0.0,0.0,0.0,0.0,2.75309813,53.561007655000004,1.3423986,0.050000000000000044
1674,MINFM53262,217.0,205.0,0.0,0.0,0.0,17.0,0.0,65.6749,0.0,0.0,0.0,0.0,8.0,0.0,2.0,0.0,0.0,2.7646696299999998,50.772666904999994,1.2874485999999998,0.2999999999999998
1678,MINFM53298,179.0,205.0,0.0,0.0,0.0,10.5,0.0,85.5949,0.0,0.0,0.0,0.0,0.0,0.0,0.0,0.0,0.0,2.75897363,53.26006240499999,1.3453285999999998,0.0
1679,MINFM67149,87.0,205.0,0.0,0.0,0.05,0.8,0.0,96.7599,0.3,0.44,0.0,0.0,0.0,0.0,0.0,0.0,0.0,2.8423641300000004,55.044490440000004,1.3767686,0.75
1680,MINFM53272,217.0,205.0,0.0,0.0,0.0,22.0,0.0,58.0949,0.0,0.0,0.0,0.0,12.0,0.0,0.0,0.0,0.0,2.7233236300000003,50.925446905,1.2833286,0.04999999999999982
1682,MINFM55880,103.5,189.5,0.0,0.0,0.0,28.0,0.0,64.9249,0.0,3.5,0.0,0.0,0.0,0.0,0.0,0.0,0.0,2.77999463,54.174118405,1.3516985999999998,0.050000000000000044
1683,MINFM55882,103.5,189.5,0.0,0.0,0.0,28.0,0.0,62.7249,0.0,3.5,0.0,0.0,2.0,0.0,0.0,0.0,0.0,2.7872546299999996,54.119396405,1.3478985999999997,0.09999999999999987
1684,MINFM52353,192.0,207.0,0.0,0.0,0.0,18.0,0.0,58.8499,0.0,3.0,0.0,0.0,11.0,0.0,0.0,0.0,0.0,2.6890921299999997,51.558498654999994,1.2678985999999999,0.09999999999999987
1687,MINFM50879,264.0,345.0,0.0,0.001,0.12,1.4,0.2,95.5249,0.4,0.4,0.0,0.0,0.0,0.0,0.2,0.01,0.0,2.85279093,54.879908635,1.3742371,0.75
1688,MINFM50903,264.0,345.0,0.0,0.001,0.08,0.0,0.0,97.0299,1.2,0.45,0.0,0.0,0.0,0.0,0.4,0.0,0.03,2.93118243,55.414675315,1.3871171,0.75
1693,MINFM52344,192.0,207.0,0.0,0.0,0.08,17.0,0.0,67.7299,0.0,0.0,0.0,0.0,8.0,0.0,0.0,0.0,0.0,2.71790413,51.368180214999995,1.2947786,0.7
1694,MINFM52509,96.0,103.5,0.0,0.0,0.0,17.0,0.0,64.8099,0.0,0.0,0.0,0.0,10.0,0.0,0.0,0.0,0.0,2.70164413,50.901765655,1.2803385999999999,0.04999999999999982
1695,MINFM54878,248.0,690.0,0.0,0.0,0.0,1.5,0.0,92.4499,0.2,0.4,0.0,0.0,2.75,0.0,0.0,0.0,0.0,2.82369213,54.516292744999994,1.3610235999999998,0.09999999999999987
1696,MINFM52318,201.0,205.0,0.0,0.0,0.05,2.65,0.0,92.1549,0.3,0.8,0.0,0.0,0.0,0.0,0.0,0.0,0.0,2.77482063,53.780140040000006,1.3434186,0.75
1697,MINFM54835,223.0,275.0,0.0,0.0,0.0,12.0,0.0,82.9399,0.0,0.0,0.0,0.0,0.0,0.0,0.0,0.0,0.0,2.72597513,52.557319155,1.3291585999999997,0.0
1700,MINFM53064,96.5,207.0,0.0,0.0,0.0,1.0,0.0,60.0199,0.0,0.0,0.0,0.0,28.0,0.0,1.0,0.0,0.0,2.79127113,50.753081155,1.2432786,0.2999999999999998
1701,MINFM53066,92.5,207.0,0.0,0.0,0.0,0.0,0.0,57.6199,0.0,0.0,0.0,0.0,34.0,0.0,1.0,0.0,0.0,2.9047911300000004,52.414444155,1.2766785999999999,0.2999999999999998
1706,MINFM67005,190.0,310.0,0.0,0.0,0.0,25.0,0.0,68.8849,0.0,0.75,0.0,0.05,0.0,0.0,0.0,0.0,0.0,2.7222716300000003,52.233800595000005,1.3259885999999999,0.050000000000000044
1715,MINFM51486,252.0,570.0,0.0,0.0,0.28,0.8,0.0,96.6699,0.4,0.15,0.0,0.0,0.0,0.0,0.15,0.0,0.0,2.85589213,54.840694844999994,1.3759636,0.75
1716,MINFM51514,252.0,570.0,0.0,0.0,0.28,2.8,0.0,94.2999,0.4,0.3,0.0,0.0,0.0,0.0,0.15,0.0,0.0,2.8501981299999994,54.701000345,1.3729585999999996,0.75
1717,MINFM51337,293.0,450.0,0.0,0.0,0.0,22.0,0.0,62.9699,0.0,3.0,0.14,0.0,4.5,0.0,0.0,0.0,0.0,2.69939073,52.143695035,1.2947386,0.7999999999999999
1728,MINFM52934,120.5,207.5,0.0,0.0,0.0,28.0,0.0,62.6549,0.0,3.6,0.0,0.0,0.0,0.0,0.0,0.0,0.0,2.71799563,53.002376905,1.3213685999999998,0.050000000000000044
1729,MINFM52808,103.5,102.5,0.0,0.0,0.0,10.5,0.0,85.5799,0.0,0.0,0.0,0.0,0.0,0.0,0.0,0.0,0.0,2.7585431299999996,53.251685654999996,1.3451185999999997,0.0
1730,MINFM67021,290.0,450.0,0.0,0.0,0.0,22.0,0.0,63.7469,0.0,3.0,0.14,0.0,4.5,0.0,0.0,0.0,0.0,2.72169063,52.577610684999996,1.3056165999999998,0.7999999999999999
1732,MINFM21361,90.0,215.0,0.0,0.0,0.0,16.5,0.0,61.8949,0.5,2.0,0.0,0.0,11.0,0.0,0.2,0.0,0.0,2.75709363,51.85049863,1.2842285999999998,0.34999999999999987
1733,MINFM21367,90.0,215.0,0.0,0.0,0.0,16.5,0.0,60.8949,0.5,2.5,0.0,0.0,11.5,0.0,0.2,0.0,0.0,2.7617436300000002,52.065215630000004,1.2842285999999998,0.34999999999999987
1734,MINFM21370,90.0,245.0,0.0,0.0,0.0,16.5,0.0,61.3549,0.5,2.5,0.0,0.0,11.0,0.0,0.2,0.0,0.0,2.75734563,52.028635630000004,1.2839186,0.34999999999999987
1735,MINFM21343,85.0,275.0,0.0,0.0,0.1,1.0,0.0,95.4199,0.3,0.45,0.0,0.0,0.0,0.0,0.5,0.0,0.0,2.83891613,54.556186489999995,1.3668035999999997,0.75
1737,MINFM22077,239.0,292.5,0.0,0.0,0.14,11.5,0.0,81.7899,0.0,0.0,0.0,0.0,0.0,0.15,0.0,0.0,0.0,2.6992731300000004,51.720033635,1.3085385999999999,0.7
1738,MINFM20507,127.5,420.0,0.0,0.0,0.0,4.0,0.0,90.9199,0.4,0.45,0.0,0.0,0.0,0.0,0.0,0.0,0.0,2.7743361299999996,53.505544335,1.3410035999999999,0.050000000000000044
1739,MINFM22087,151.0,680.0,0.0,0.0,0.12,15.0,0.0,76.7299,0.0,0.0,0.0,0.0,2.0,0.0,0.0,0.0,0.0,2.7088321300000002,51.837508495,1.3120585999999996,0.7
1741,MINFM21966,322.0,847.5,0.0,0.0,0.28,2.8,0.0,95.0499,0.4,0.4,0.0,0.0,0.0,0.0,0.0,0.0,0.0,2.8667281299999994,55.173649595,1.3832585999999998,0.75
1743,MINFM23028,127.5,500.0,0.0,0.0,0.36,0.9,0.0,95.8299,0.6,0.25,0.0,0.0,0.0,0.0,0.1,0.0,0.0,2.85573513,54.624974845,1.3698636,0.75
1744,MINFM23042,151.0,710.0,0.0,0.0,0.28,0.9,0.0,92.4999,0.2,0.45,0.0,0.0,2.9,0.0,0.1,0.0,0.08,2.83254413,54.470717405,1.3602135999999998,0.75
1745,MINFM21120,103.5,370.0,0.0,0.0,0.0,11.5,0.0,83.2699,0.0,0.0,0.0,0.0,0.0,0.0,0.0,0.0,0.0,2.72104613,52.481627155000005,1.3267786,0.0
1746,MINFM21123,127.5,495.0,0.0,0.0,0.0,0.0,0.0,99.8999,0.0,0.0,0.0,0.0,0.0,0.0,0.0,0.0,0.0,2.86712713,55.789099155,1.3985986,0.0
1747,MINFM29336,155.0,370.0,0.0,0.0,1.45,1.0,0.0,94.6799,1.5,0.0,0.0,0.0,0.0,0.0,0.0,0.0,0.0,2.93122813,54.39217698,1.3706686,0.7
1753,MINFM29284,102.5,340.0,0.0,0.0,0.15,0.0,0.0,95.7799,1.0,0.0,0.0,0.0,0.0,0.0,0.0,0.0,0.0,2.84313813,54.055681655,1.3559685999999997,0.7
1754,MINFM29293,117.5,400.0,0.0,0.0,0.28,0.2,0.0,96.8699,1.0,0.0,0.0,0.0,0.0,0.0,0.2,0.0,0.1,2.8987021299999998,54.891110765,1.3784885999999998,0.7
1758,MINFM49987,130.0,245.0,0.0,0.0,0.0,0.0,0.0,98.3699,0.4,0.0,0.0,0.0,0.0,0.0,0.2,0.0,0.0,2.86963613,55.210593835,1.3849786,0.2999999999999998
1759,MINFM29265,80.0,200.0,0.0,0.0,0.1,0.0,0.0,96.3699,0.5,0.0,0.0,0.0,0.0,0.0,0.2,0.0,0.0,2.8246961300000004,54.16064258,1.3590786,0.7
1768,MINFM76680,197.0,342.5,0.0,0.0,0.17,0.8,0.0,96.9699,0.4,0.15,0.0,0.0,0.0,0.0,0.17,0.0,0.0,2.8616611299999994,55.000635175,1.3796135999999999,0.75
1769,MINFM76666,217.0,835.0,0.0,0.0,0.24,0.0,0.0,96.2099,1.1,0.0,0.0,0.0,0.0,0.0,1.1,0.0,0.0,2.9273121300000002,54.67050333,1.3761185999999999,0.7
1770,MINFM76691,229.0,442.5,0.0,0.0,0.27,0.8,0.0,95.8899,0.8,0.0,0.0,0.0,0.0,0.0,0.9,0.0,0.0,2.9047091299999996,54.690386204999996,1.3766485999999998,0.7
1771,MINFM76675,217.0,835.0,0.0,0.0,0.42,0.8,0.0,96.8699,0.5,0.0,0.0,0.0,0.0,0.0,0.17,0.0,0.0,2.8718811300000002,54.88584497,1.3791885999999998,0.7
1772,MINFM76676,229.0,930.0,0.0,0.0,0.47,0.8,0.0,96.8199,0.5,0.0,0.0,0.0,0.0,0.0,0.17,0.0,0.0,2.8722311300000003,54.86392782000001,1.3788385999999997,0.7
1797,MINFM42089,170.0,360.0,0.0,0.0,0.0,0.9,0.0,96.1599,0.3,0.15,0.0,0.0,0.0,0.0,0.15,0.0,0.0,2.82524913,54.51931344,1.3668635999999996,0.34999999999999987
1806,MINFM42193,201.0,245.0,0.0,0.0,0.0,0.4,0.0,90.3599,0.35,0.15,0.0,0.0,0.4,0.0,0.15,0.0,0.0,2.66291413,51.2825655625,1.2847635999999998,0.34999999999999987
1814,MINFM49997,92.5,260.0,0.0,0.0,0.28,0.0,0.0,98.3199,0.4,0.0,0.0,0.0,0.0,0.0,0.2,0.0,0.0,2.87819713,55.216301295,1.3862386,0.7
1815,MINFM49999,105.0,300.0,0.0,0.0,0.4,0.0,0.0,98.1999,0.4,0.0,0.0,0.0,0.0,0.0,0.2,0.0,0.0,2.8790371300000004,55.163700135,1.3853985999999998,0.7
1816,MINFM50004,92.0,300.0,0.0,0.0,0.2,0.0,0.0,97.6199,1.2,0.0,0.0,0.0,0.0,0.0,0.2,0.0,0.0,2.92637113,55.255282095000005,1.3870786,0.7
1821,MINFM50065,239.0,490.0,0.0,0.0,0.1,0.8,0.0,96.6999,0.6,0.2,0.0,0.0,0.0,0.0,0.0,0.0,0.0,2.86153713,54.951546924999995,1.3769986,0.75
1822,MINFM50070,142.5,640.0,0.0,0.0,0.28,2.8,0.0,93.7199,0.4,0.4,0.0,0.0,0.0,0.0,0.3,0.0,0.12,2.84847113,54.576297395,1.3695585999999997,0.75
1823,MINFM50072,134.5,590.0,0.0,0.0,0.0,0.5,0.0,96.3399,0.5,0.2,0.0,0.0,0.5,0.0,0.0,0.0,0.0,2.84770513,54.82103488,1.3724085999999998,0.09999999999999987
1827,MINFM50127,110.0,245.0,1.0,0.0,0.3,23.0,0.0,48.8199,0.0,0.0,0.0,0.0,20.0,0.0,1.0,0.05,0.0,2.87451613,51.571892141000006,1.3017786,0.7
1828,MINFM7465,229.5,300.0,0.0,0.0,0.38,0.55,0.0,96.8399,0.7,0.0,0.0,0.0,1.1,0.0,0.15,0.0,0.0,2.9178061299999998,55.48418333,1.3924185999999998,0.7
1830,MINFM7615,215.0,470.5,0.0,0.0,0.18,0.4,0.0,98.4449,0.7,0.08,0.0,0.0,0.0,0.0,0.15,0.0,0.0,2.91620963,55.70960463,1.3976986,0.75
1835,MINFM53266,201.0,205.0,0.0,0.0,0.0,18.0,0.0,64.9849,0.0,0.0,0.1,0.0,8.0,0.0,0.0,0.0,0.0,2.66910563,50.359594105,1.2704385999999999,0.7499999999999999
1838,MINFM67147,103.5,275.0,0.0,0.0,0.1,1.0,0.0,95.7699,0.3,0.44,0.0,0.0,0.0,0.0,0.5,0.0,0.0,2.84864613,54.74204999,1.3715585999999997,0.75
1840,MINFM53269,183.0,205.0,0.0,0.0,0.0,19.0,0.0,64.0949,0.0,0.0,0.0,0.0,10.0,0.0,0.0,0.0,0.0,2.73872363,51.542395905,1.2983285999999998,0.04999999999999982
1841,MINFM7446,80.0,275.0,0.0,0.0,0.0,24.0,0.0,48.1749,0.0,0.0,0.0,0.0,19.0,0.0,0.0,0.0,0.0,2.74261963,50.534082905000005,1.2669486,0.04999999999999982
1842,MINFM8482,229.0,702.5,0.0,0.0,0.27,0.35,0.0,96.7199,0.6,0.15,0.0,0.0,0.35,0.0,0.15,0.0,0.0,2.87411013,54.948736815,1.3778185999999997,0.75
1843,MINFM8728,302.5,817.5,0.0,0.0,0.37,0.65,0.0,95.0099,0.6,0.2,0.0,0.0,1.55,0.0,0.15,0.0,0.0,2.88105813,54.914077115,1.3757036,0.75
1844,MINFM8218,269.0,672.5,0.0,0.0,0.56,0.7,0.0,97.1099,0.75,0.0,0.0,0.0,0.0,0.0,0.15,0.0,0.0,2.90202613,55.1164198625,1.3854085999999999,0.7
1846,MINFM66257,183.0,205.0,0.0,0.0,0.0,11.5,0.0,83.7499,0.0,0.0,0.0,0.0,0.0,0.0,0.0,0.0,0.0,2.73482213,52.749683155,1.3334985999999998,0.0
1848,MINFM52052,98.5,157.5,0.0,0.0,0.05,1.9,0.0,94.9399,0.3,0.87,0.0,0.0,0.0,0.0,0.0,0.0,0.0,2.83535513,55.01261054,1.3729235999999998,0.75
1849,MINFM66219,223.0,300.0,0.0,0.0,0.0,19.5,0.5,51.3299,0.0,6.0,0.18,0.0,17.5,0.0,0.0,0.0,0.0,2.86508833,55.175109215000006,1.3227886,0.7999999999999999
1850,MINFM52072,108.5,157.5,0.0,0.0,0.0,6.0,0.0,89.5399,0.3,0.44,0.0,0.0,0.0,0.0,0.5,0.0,0.0,2.8102751300000004,53.850700790000005,1.3536385999999998,0.34999999999999987
1853,MINFM66203,201.0,240.0,0.0,0.0,0.0,18.0,0.0,65.7149,0.0,0.0,0.1,0.0,8.0,0.0,0.0,0.0,0.0,2.69005663,50.767262605,1.2806586,0.7499999999999999
1854,MINFM66213,217.0,205.0,0.0,0.0,0.04,22.0,0.0,57.0749,0.0,0.0,0.0,0.0,12.0,0.0,0.0,0.0,0.0,2.69547763,50.360632185,1.2693285999999997,0.7
1856,MINFM7487,90.0,290.0,0.0,0.0,0.0,16.0,0.0,61.9349,0.0,2.0,0.1,0.0,10.0,0.0,0.0,0.0,0.0,2.65737063,50.709067605,1.2557386,0.7999999999999999
1860,MINFM67325,163.0,205.0,0.0,0.0,0.0,4.0,0.0,92.0499,0.3,0.45,0.0,0.0,0.0,0.0,0.0,0.0,0.0,2.79787713,54.08165479,1.3554235999999997,0.050000000000000044
1861,MINFM67144,108.5,380.0,0.0,0.0,0.0,8.0,0.0,87.0899,0.3,0.9,0.0,0.0,0.0,0.0,0.5,0.0,0.0,2.81205013,53.96374429,1.3540085999999998,0.34999999999999987
1862,MINFM67145,248.0,415.0,0.0,0.0,0.08,8.0,0.0,87.3399,0.3,0.85,0.03,0.06,0.0,0.0,0.2,0.0,0.18,2.8128438300000003,54.132379388,1.3575386,0.7999999999999999
1863,MINFM67333,192.0,205.0,0.0,0.0,0.0,18.0,0.0,66.0999,0.0,0.0,0.0,0.0,8.0,0.0,0.0,0.0,0.0,2.69706713,50.968259155,1.2853986,0.04999999999999982
1864,MINFM53304,183.0,205.0,0.0,0.0,0.0,10.5,0.0,84.1549,0.0,0.0,0.0,0.0,0.6,0.0,0.0,0.0,0.0,2.7387656299999996,52.808054805,1.3332685999999998,0.04999999999999982
1865,MINFM67159,197.0,315.0,0.0,0.0,0.0,0.0,0.75,95.1549,0.4,0.0,0.0,0.0,1.6,0.0,0.0,0.0,0.0,2.8499006299999996,54.774695485,1.3694936,0.04999999999999982
1866,MINFM67337,192.0,240.0,0.0,0.0,0.0,18.0,0.0,65.9399,0.0,0.0,0.1,0.0,8.0,0.0,0.0,0.0,0.0,2.6965141299999997,50.892913854999996,1.2838085999999997,0.7499999999999999
1867,MINFM66204,92.0,205.0,0.0,0.0,0.0,18.0,0.0,65.7349,0.0,0.0,0.1,0.0,8.0,0.0,0.0,0.0,0.0,2.69063063,50.778431605,1.2809385999999998,0.7499999999999999
1868,MINFM66222,217.0,205.0,0.0,0.0,0.04,16.0,0.0,62.0749,0.0,2.0,0.0,0.0,10.0,0.0,0.0,0.0,0.0,2.65877763,50.778048185,1.2573286,0.75
1879,MINFM67352,192.0,205.0,0.0,0.0,0.0,18.0,0.0,59.0999,0.0,3.0,0.0,0.0,11.0,0.0,0.0,0.0,0.0,2.69626713,51.69811115499999,1.2713986,0.09999999999999987
1881,MINFM52020,98.5,110.0,0.0,0.0,0.05,0.8,0.0,96.4099,0.3,0.44,0.0,0.0,0.0,0.0,0.0,0.0,0.0,2.83231913,54.84903294,1.3718685999999998,0.75
1882,MINFM67343,192.0,205.0,0.0,0.0,0.04,24.0,0.0,49.0799,0.0,0.0,0.0,0.0,19.0,0.0,0.0,0.0,0.0,2.77002113,51.044284435,1.2798985999999999,0.7
1884,MINFM67344,192.0,205.0,0.0,0.0,0.04,24.0,0.0,47.3249,0.0,0.0,0.0,0.0,19.0,0.0,0.0,0.0,0.0,2.71965263,50.064204685,1.2553286,0.7
1885,MINFM67619,120.5,137.5,0.0,0.0,0.0,25.0,0.0,69.6349,0.0,0.75,0.0,0.05,0.0,0.0,0.0,0.0,0.0,2.74379663,52.652638095,1.3364885999999998,0.050000000000000044
1888,MINFM67359,192.0,205.0,0.0,0.0,0.005,17.0,0.0,64.0599,0.0,0.0,0.06,0.0,9.0,0.0,0.0,0.0,0.0,2.64752103,49.90499871,1.2567636,0.7499999999999999
1889,MINFM67351,192.0,240.0,0.0,0.0,0.0,16.0,0.0,61.9399,0.0,2.0,0.1,0.0,11.0,0.0,0.0,0.0,0.0,2.69271413,51.298793855,1.2693086,0.7999999999999999
1891,MINFM52042,98.5,137.5,0.0,0.0,0.05,0.44,0.0,97.2699,0.3,0.0,0.0,0.0,0.0,0.0,0.5,0.0,0.0,2.8599231300000003,54.86040548000001,1.3779886000000001,0.7
1894,MINFM66256,217.0,205.0,0.0,0.0,0.0,11.5,0.0,83.5299,0.0,0.0,0.0,0.0,0.0,0.0,0.0,0.0,0.0,2.72850813,52.626824155,1.3304185999999998,0.0
1899,MINFM67450,103.5,102.5,0.0,0.0,0.0,11.5,0.0,84.0299,0.0,0.0,0.0,0.0,0.0,0.0,0.0,0.0,0.0,2.7428581299999997,52.906049155,1.3374186,0.0
1902,MINFM51143,190.0,240.0,0.0,0.0,0.0,0.0,0.0,60.3999,0.0,0.0,0.0,0.0,35.0,0.0,0.0,0.0,0.0,2.96547713,54.273014155,1.3180986,0.04999999999999982
1904,MINFM52515,96.0,103.5,0.0,0.0,0.0,24.0,0.0,48.8499,0.0,0.0,0.0,0.0,19.0,0.0,0.0,0.0,0.0,2.7619921300000003,50.911036655000004,1.2763985999999998,0.04999999999999982
1905,MINFM55860,117.5,224.0,0.0,0.0,0.0,11.5,0.0,81.7799,0.0,0.0,0.0,0.0,1.25,0.0,0.0,0.0,0.0,2.72228313,52.383204155,1.3227935999999998,0.04999999999999982
1908,MINFM52526,96.0,103.5,0.0,0.0,0.0,14.0,0.0,44.7799,0.0,0.0,0.0,0.0,33.0,0.0,0.0,0.0,0.0,2.84998313,51.655611155,1.2684186,0.04999999999999982
1910,MINFM52504,96.0,103.5,0.0,0.0,0.0,18.0,0.0,65.8499,0.0,0.0,0.0,0.0,8.0,0.0,0.0,0.0,0.0,2.6898921300000005,50.828646655,1.2818985999999999,0.04999999999999982
1912,MINFM55856,103.5,103.5,0.0,0.0,0.0,11.5,0.0,83.8299,0.0,0.0,0.0,0.0,0.0,0.0,0.0,0.0,0.0,2.73711813,52.794359154999995,1.3346185999999998,0.0
1913,MINFM50873,264.0,345.0,0.0,0.0,0.12,0.4,0.0,97.3594,0.7,0.15,0.0,0.0,0.0,0.0,0.2,0.01,0.03,2.8890347800000002,55.197470635,1.3841915999999999,0.75
1915,MINFM50894,264.0,345.0,0.0,0.001,0.1,0.0,0.0,97.3749,1.1,0.45,0.0,0.0,0.0,0.0,0.15,0.0,0.0,2.9184269300000003,55.46930845999999,1.3875321,0.75
1920,MINFM55765,160.5,550.0,0.0,0.0,0.0,0.0,0.0,96.9999,0.1,0.0,0.0,0.0,0.0,0.0,0.0,0.0,0.0,2.79278713,54.2245322,1.3593985999999998,0.0
1925,MINFM51335,250.0,430.0,0.0,0.0,0.0,24.0,0.3,38.2949,2.0,7.0,0.45,0.0,21.0,0.0,0.0,0.0,0.0,2.9567691299999996,54.258693955,1.2921036,0.7999999999999999
1932,MINFM51472,252.0,570.0,0.0,0.0,0.43,0.0,0.0,97.8199,0.6,0.0,0.0,0.0,0.0,0.0,0.15,0.0,0.0,2.8842671299999996,55.050925685,1.3825385999999997,0.7
1933,MINFM51500,252.0,570.0,0.0,0.0,0.3,0.8,0.0,96.5199,0.65,0.15,0.0,0.0,0.0,0.0,0.15,0.0,0.0,2.87452613,54.8966745975,1.3775036,0.75
1934,MINFM66592,300.0,550.0,0.0,0.0,0.0,24.0,0.0,58.0949,0.0,3.0,0.24,0.0,6.0,0.0,0.0,0.0,0.0,2.67391723,51.355580985,1.2753885999999999,0.7999999999999999
1939,MINFM51309,142.5,620.0,0.0,0.0,0.0,11.5,0.0,81.2099,0.0,0.4,0.0,0.0,1.0,0.0,0.0,0.0,0.0,2.70972413,52.301914155000006,1.3172385999999998,0.09999999999999987
1940,MINFM66565,29.0,450.0,0.0,0.0,0.0,21.0,0.0,63.7199,0.0,2.5,0.08,0.0,4.5,0.0,0.0,0.0,0.0,2.67394233,51.554467515,1.2835986,0.7999999999999999
1942,MINFM52836,120.5,137.5,0.0,0.0,0.0,25.0,0.0,68.7349,0.0,0.75,0.0,0.05,0.0,0.0,0.0,0.0,0.0,2.71796663,52.150033095,1.3238885999999999,0.050000000000000044
1945,MINFM21355,90.0,205.0,0.0,0.0,0.0,17.0,0.0,65.8949,0.5,0.0,0.0,0.0,9.0,0.0,0.2,0.0,0.0,2.7528936300000004,51.25161113000001,1.2912286,0.2999999999999998
1946,MINFM21373,90.0,235.0,0.0,0.0,0.0,17.0,0.0,65.2449,0.5,0.0,0.0,0.0,9.0,0.0,0.2,0.0,0.0,2.73423863,50.88861863,1.2821285999999998,0.2999999999999998
1947,MINFM23030,142.5,610.0,0.0,0.0,0.36,1.0,0.0,94.5799,0.45,0.2,0.0,0.0,1.3,0.0,0.1,0.0,0.0,2.8535901299999997,54.6115455775,1.3684885999999998,0.75
1949,MINFM21946,217.0,240.0,0.0,0.0,0.32,0.0,0.0,97.5899,1.0,0.0,0.0,0.0,0.0,0.2,0.0,0.0,0.0,2.92209413,55.151024345,1.3844986,0.7
1950,MINFM20510,117.5,450.0,0.0,0.0,0.0,11.5,0.0,82.9199,0.0,0.0,0.0,0.0,0.0,0.0,0.0,0.0,0.0,2.71100113,52.286169655,1.3218785999999998,0.0
1951,MINFM22079,239.0,292.5,0.0,0.0,0.2,12.0,0.0,81.2099,0.0,0.0,0.0,0.0,0.0,0.15,0.0,0.0,0.0,2.69916913,51.663319555,1.3078385999999997,0.7
1953,MINFM21854,251.5,602.5,0.0,0.0,0.36,0.0,0.0,97.4599,0.6,0.0,0.0,0.0,0.0,0.0,0.9,0.0,0.0,2.9121611300000003,55.05211744500001,1.3852586,0.7
1954,MINFM21864,276.5,672.5,0.0,0.0,0.32,0.0,0.0,97.5799,1.3,0.22,0.0,0.0,0.0,0.0,0.0,0.0,0.0,2.93446713,55.45719198,1.3897486,0.75
1958,MINFM21724,196.0,155.0,0.0,0.0,0.45,0.0,0.0,98.4499,0.6,0.0,0.0,0.0,0.0,0.0,0.0,0.0,0.0,2.89491713,55.363023075,1.3898485999999999,0.7
1962,MINFM21121,127.5,465.0,0.0,0.0,0.0,11.5,0.0,83.2199,0.0,0.0,0.0,0.0,0.0,0.0,0.0,0.0,0.0,2.7196111299999997,52.453704654999996,1.3260785999999998,0.0
1963,MINFM21125,170.5,695.0,0.0,0.0,0.0,0.0,0.0,99.9399,0.0,0.0,0.0,0.0,0.0,0.0,0.0,0.0,0.0,2.86827513,55.811437155,1.3991585999999998,0.0
1968,MINFM29373,110.0,343.0,0.0,0.0,0.0,12.0,0.0,83.2999,0.0,0.0,0.0,0.0,0.0,0.0,0.0,0.0,0.0,2.73630713,52.758361155,1.3341985999999997,0.0
1969,MINFM29320,115.0,380.0,0.0,0.0,0.15,4.0,0.0,91.2999,0.4,0.45,0.0,0.0,0.0,0.0,0.2,0.0,0.0,2.8014571299999997,53.791942385,1.3495735999999998,0.75
1997,MINFM76690,207.0,635.0,0.0,0.0,0.17,0.8,0.0,95.9999,0.8,0.0,0.0,0.0,0.0,0.0,0.9,0.0,0.0,2.90429613,54.739805005,1.3774885999999995,0.7
1998,MINFM76682,229.0,835.0,0.0,0.0,0.32,0.8,0.0,96.8099,0.4,0.15,0.0,0.0,0.0,0.0,0.17,0.0,0.0,2.86242413,54.929299225,1.3784235999999999,0.75
1999,MINFM76686,229.0,417.5,0.7,0.0,0.35,1.35,0.0,95.1599,0.3,0.15,0.0,0.0,0.0,0.0,0.2,0.0,0.0,2.85306913,54.4397968602,1.3709135999999997,0.75
2000,MINFM76674,207.0,785.0,0.0,0.0,0.37,0.8,0.0,96.9199,0.5,0.0,0.0,0.0,0.0,0.0,0.17,0.0,0.0,2.87153113,54.907762119999994,1.3795385999999998,0.7
2001,MINFM76699,269.0,835.0,0.0,0.0,0.37,0.6,0.0,95.5399,0.5,0.15,0.0,0.0,1.25,0.0,0.17,0.0,0.0,2.8748901300000003,54.91068642,1.3764686,0.75
2003,MINFM76665,217.0,735.0,0.0,0.0,0.42,0.0,0.0,96.6699,1.4,0.0,0.0,0.0,0.0,0.0,0.17,0.0,0.0,2.9231111300000006,54.852628575,1.3777886,0.7
2034,MINFM50003,120.0,380.0,0.0,0.0,0.5,0.0,0.0,98.0999,0.4,0.0,0.0,0.0,0.0,0.0,0.2,0.0,0.0,2.87973713,55.119865835000006,1.3846986000000001,0.7
2037,MINFM50021,140.0,600.0,0.0,0.0,0.3,0.6,0.0,95.9999,1.1,0.0,0.0,0.0,0.0,0.0,0.6,0.0,0.0,2.9135571299999996,54.73198435,1.3764985999999997,0.7
2038,MINFM50039,125.0,380.0,0.0,0.0,0.35,0.4,0.0,95.2799,0.6,0.0,0.0,0.0,1.6,0.0,0.2,0.0,0.0,2.87906813,54.783975675,1.3741686,0.7
2043,MINFM7292,246.0,672.0,0.0,0.0,0.38,0.0,0.0,97.2949,1.6,0.0,0.0,0.0,0.0,0.0,0.15,0.0,0.0,2.95631463,55.301114534999996,1.3888386,0.7
2048,MINFM7210,81.5,350.0,0.0,0.0,0.37,0.0,0.0,97.7299,1.35,0.0,0.0,0.0,0.0,0.08,0.0,0.0,0.0,2.94644813,55.3890178525,1.3905085999999998,0.7
2049,MINFM8350,138.5,585.0,0.0,0.0,0.0,15.0,3.0,69.6599,0.0,0.0,0.0,0.0,3.0,0.0,0.0,0.0,0.0,2.6451391299999996,50.368168155,1.2662385999999999,0.04999999999999982
2050,MINFM7899,302.5,817.5,0.0,0.0,0.37,0.65,0.0,95.0599,0.55,0.2,0.0,0.0,1.55,0.0,0.15,0.0,0.0,2.87804813,54.91453059249999,1.3757035999999998,0.75
2054,MINFM50278,287.5,775.0,0.0,0.0005,0.47,0.35,0.0,96.3769,0.7,0.15,0.0,0.0,0.35,0.0,0.15,0.0,0.0,2.88033968,54.836201965,1.37582085,0.75
2055,MINFM8638,276.5,777.5,0.0,0.0,0.37,0.35,0.0,96.4599,0.7,0.2,0.0,0.0,0.35,0.0,0.15,0.0,0.0,2.88068313,54.91845856,1.3770035999999999,0.75
2065,MINFM8523,310.0,548.5,0.0,0.0,0.4,0.4,0.0,96.6249,0.75,0.15,0.0,0.0,0.4,0.0,0.15,0.0,0.0,2.89255963,55.0490497925,1.3808736,0.75
2066,MINFM8551,287.5,634.5,0.0,0.0,0.48,0.4,0.0,96.5449,0.75,0.15,0.0,0.0,0.4,0.0,0.15,0.0,0.0,2.89311963,55.0139823525,1.3803135999999998,0.75
2070,MINFM67137,96.0,275.0,0.0,0.0,0.0,0.0,0.0,97.7299,0.6,0.44,0.0,0.0,0.0,0.0,0.15,0.0,0.0,2.88019313,55.371155175,1.3846485999999998,0.34999999999999987
2071,MINFM50532,41.5,345.0,0.0,0.0,0.0,25.0,0.0,68.2349,0.0,0.75,0.0,0.05,0.0,0.0,0.0,0.0,0.0,2.70361663,51.870808095,1.3168885999999997,0.050000000000000044
2074,MINFM67310,217.0,135.0,0.0,0.0,0.016,24.0,0.0,45.2899,0.0,1.6,0.09,0.0,20.5,0.0,0.0,0.0,0.0,2.76722643,51.352923397,1.2707055999999999,0.7999999999999999
2075,MINFM67322,163.0,205.0,0.0,0.0,0.05,2.65,0.0,91.2899,0.3,0.8,0.0,0.0,0.0,0.0,0.0,0.0,0.0,2.74999513,53.29708079,1.3313085999999998,0.75
2076,MINFM67323,163.0,205.0,0.0,0.0,0.05,1.9,0.0,94.9699,0.3,0.87,0.0,0.0,0.0,0.0,0.0,0.0,0.0,2.83621613,55.02936404,1.3733435999999999,0.75
2078,MINFM53268,183.0,240.0,0.0,0.0,0.0,17.0,0.0,59.4419,0.0,0.0,0.0,0.0,14.0,0.0,3.7,0.0,0.0,2.8892925299999996,51.290905554999995,1.2998866,0.2999999999999998
2079,MINFM66178,217.0,275.0,0.0,0.0,0.0,17.5,0.0,74.0699,0.0,1.75,0.0,0.0,0.0,0.0,0.0,0.0,0.0,2.68493113,52.142603155,1.3073536,0.050000000000000044
2082,MINFM67141,93.5,275.0,0.0,0.0,0.0,11.5,0.0,83.7799,0.0,0.0,0.0,0.0,0.0,0.0,0.0,0.0,0.0,2.73568313,52.766436655,1.3339185999999998,0.0
2085,MINFM53294,217.0,205.0,0.0,0.0,0.0,17.0,0.0,57.8599,0.0,0.0,0.0,0.0,17.5,0.0,1.5,0.0,0.0,2.84762913,51.843825655,1.3007886,0.2999999999999998
2086,MINFM52313,225.0,415.0,0.0,0.0,0.0,8.0,0.0,84.7649,0.3,0.9,0.0,0.0,0.0,0.0,0.25,0.0,0.0,2.73174763,52.59513429,1.3187085999999997,0.34999999999999987
2087,MINFM54830,217.0,240.0,0.0,0.0,0.0,11.5,0.0,83.5999,0.0,0.0,0.0,0.0,0.0,0.0,0.0,0.0,0.0,2.73051713,52.665915655,1.3313986,0.0
2089,MINFM67502,103.5,235.0,0.0,0.0,0.0,10.5,0.0,86.6449,0.0,0.0,0.0,0.0,0.0,0.0,0.0,0.0,0.0,2.7891086300000003,53.846434905,1.3600286,0.0
2091,MINFM51164,95.0,120.0,0.0,0.0,0.0,0.0,0.0,95.9699,0.0,0.0,0.0,0.0,2.03,0.0,0.13,0.0,0.0,2.83285113,54.822377825,1.3724135999999998,0.2999999999999998
2092,MINFM52320,225.0,450.0,0.0,0.0,0.0,11.5,0.0,80.1699,0.0,0.0,0.0,0.0,0.0,0.0,0.0,0.0,0.0,2.6320761299999997,50.750432155,1.2833785999999998,0.0
2094,MINFM66198,201.0,205.0,0.0,0.0,0.0,17.0,0.0,67.9249,0.0,0.0,0.0,0.0,8.0,0.0,0.0,0.0,0.0,2.72064463,51.467469405,1.2969486,0.04999999999999982
2095,MINFM66205,183.0,205.0,0.0,0.0,0.0,17.0,0.0,65.0549,0.0,0.0,0.0,0.0,10.5,0.0,0.0,0.0,0.0,2.72627563,51.332052905000005,1.2905186,0.04999999999999982
2096,MINFM66211,217.0,205.0,0.0,0.0,0.04,22.0,0.0,58.0749,0.0,0.0,0.0,0.0,12.0,0.0,0.0,0.0,0.0,2.72417763,50.91908218500001,1.2833286,0.7
2097,MINFM66229,217.0,205.0,0.0,0.0,0.0,18.0,0.0,54.5449,0.0,4.0,0.0,0.0,13.5,0.0,0.0,0.0,0.0,2.68503863,51.581106405,1.2558786,0.09999999999999987
2098,MINFM52191,163.0,102.5,0.0,0.0,0.05,1.0,0.0,96.0549,0.3,0.44,0.0,0.0,0.0,0.0,0.5,0.0,0.0,2.85504063,54.89520289,1.3751985999999998,0.75
2101,MINFM53236,346.0,862.0,0.0,0.0,0.37,0.7,0.0,94.9099,0.7,0.3,0.0,0.0,1.65,0.0,0.15,0.0,0.0,2.8951881299999997,55.09380160999999,1.3792035999999996,0.75
2104,MINFM66261,183.0,205.0,0.0,0.0,0.0,14.0,0.0,81.0599,0.0,0.0,0.0,0.0,0.0,0.0,0.0,0.0,0.0,2.72961913,52.547355155,1.3308385999999999,0.0
2109,MINFM66186,241.0,415.0,0.0,0.0,0.0,20.5,0.0,52.1199,4.0,1.5,0.2,0.1,11.5,0.0,0.0,0.0,0.1,2.90828913,50.323782735,1.2537786,0.7999999999999999
2111,MINFM67308,192.0,275.0,0.8,0.0,0.016,17.0,0.0,56.6999,0.0,0.0,0.0,0.0,13.5,0.0,3.2,0.0,0.0,2.79881833,49.543515175799996,1.2593606,0.7
2112,MINFM67372,108.5,137.5,0.0,0.0,0.0,17.5,0.0,74.8699,0.0,1.75,0.0,0.0,0.0,0.0,0.0,0.0,0.0,2.7078911299999997,52.589363155,1.3185536,0.050000000000000044
2113,MINFM67341,192.0,205.0,0.0,0.0,0.0,22.0,0.0,57.3449,0.0,0.0,0.0,0.0,12.0,0.0,0.0,0.0,0.0,2.70179863,50.506609405000006,1.2728286,0.04999999999999982
2116,MINFM52878,132.5,225.0,0.0,0.0,0.0,25.0,0.0,62.3599,0.0,3.0,0.0,0.0,1.0,0.0,0.0,0.0,0.0,2.63942913,51.289045155,1.2800386,0.09999999999999987
2117,MINFM66196,241.0,380.0,0.0,0.0,0.0,17.0,0.0,61.4299,11.5,0.0,0.2,0.0,2.25,0.0,0.0,0.0,0.0,3.36226613,50.81135473,1.2906936,0.7499999999999999
2118,MINFM66181,217.0,260.0,0.0,0.0,0.0,16.0,0.0,67.8949,5.5,0.0,0.0,0.0,3.5,0.0,0.0,0.0,0.0,3.0215336300000004,51.31114438,1.2987786,0.04999999999999982
2120,MINFM52530,95.0,120.5,0.0,0.0,0.0,14.0,0.0,81.3099,0.0,0.0,0.0,0.0,0.0,0.0,0.0,0.0,0.0,2.73679413,52.686967655000004,1.3343386,0.0
2121,MINFM50876,264.0,345.0,0.0,0.001,0.1,0.0,0.0,97.6249,1.1,0.15,0.0,0.0,0.0,0.0,0.15,0.0,0.0,2.9161519300000003,55.32110096,1.3866820999999998,0.75
2122,MINFM52534,95.0,103.5,0.0,0.0,0.0,16.0,0.0,77.5049,0.0,0.0,0.0,0.0,0.0,0.0,0.0,0.0,0.0,2.68519063,51.601987405,1.3090686,0.0
2123,MINFM50897,264.0,345.0,0.0,0.001,0.11,0.0,0.2,96.6599,1.1,0.1,0.0,0.0,0.0,0.0,0.15,0.0,0.0,2.89445843,54.86251977999999,1.3752171,0.75
2124,MINFM50891,264.0,345.0,0.0,0.001,0.12,0.0,0.0,98.0149,0.45,0.5,0.0,0.0,0.0,0.0,0.2,0.0,0.0,2.88401393,55.534034057499994,1.3888070999999997,0.75
2125,MINFM52500,96.0,103.5,0.0,0.0,0.0,16.0,0.0,70.7799,0.0,0.0,0.0,0.0,6.0,0.0,0.0,0.0,0.0,2.7033831299999997,51.368015155,1.2959185999999998,0.04999999999999982
2128,MINFM52351,192.0,207.0,0.0,0.0,0.0,16.0,0.0,61.8499,0.0,2.0,0.0,0.0,11.0,0.0,0.0,0.0,0.0,2.68609213,51.234526654999996,1.2673986,0.09999999999999987
2129,MINFM54788,127.5,327.5,0.0,0.0,0.38,0.8,0.0,96.5929,0.6,0.0,0.0,0.0,0.0,0.0,0.15,0.0,0.0,2.87030723,54.775670985,1.3762106,0.7
2131,MINFM55872,95.0,120.5,0.0,0.0,0.0,16.0,0.0,79.3099,0.0,0.0,0.0,0.0,0.0,0.0,0.0,0.0,0.0,2.73699413,52.609989655,1.3343386,0.0
2133,MINFM52511,96.0,103.5,0.0,0.0,0.0,22.0,0.0,57.8499,0.0,0.0,0.0,0.0,12.0,0.0,0.0,0.0,0.0,2.7162921300000002,50.788626655,1.2798985999999999,0.04999999999999982
2138,MINFM52757,120.5,207.5,0.0,0.0,0.0,28.0,0.0,62.5749,0.0,3.5,0.0,0.0,2.0,0.0,0.0,0.0,0.0,2.78294963,54.035628905,1.3457986,0.09999999999999987
2141,MINFM51345,103.5,310.0,0.0,0.0,0.05,2.7,0.0,94.3099,0.3,0.8,0.0,0.0,0.0,0.0,0.0,0.0,0.0,2.83810913,55.009597840000005,1.3742885999999999,0.75
2143,MINFM66570,145.0,225.0,0.0,0.0,0.0,21.5,0.05,66.9899,0.0,0.05,0.05,0.0,3.0,0.0,0.0,0.0,0.0,2.65280963,50.437219505,1.2810836,0.7999999999999999
2147,MINFM67009,190.0,240.0,0.0,0.0,0.0,16.0,0.0,76.8299,0.0,0.0,0.0,0.0,0.0,0.0,0.0,0.0,0.0,2.66581813,51.225033655,1.2996185999999998,0.0
2149,MINFM66583,280.0,450.0,0.0,0.0,0.0,24.0,0.0,62.1949,0.0,1.2,0.14,0.0,5.5,0.0,0.0,0.0,0.0,2.71324823,51.610832285,1.2992886,0.7999999999999999
2153,MINFM52850,120.5,155.0,0.0,0.0,0.0,25.0,0.0,69.8199,0.0,0.75,0.0,0.0,0.0,0.0,0.0,0.0,0.0,2.7474561299999998,52.709498155000006,1.3383536,0.050000000000000044
2154,MINFM51295,290.0,440.0,0.0,0.0,0.0,18.0,0.0,68.5599,1.2,2.5,0.05,0.0,4.25,0.0,1.4,0.0,0.0,2.89913863,53.599000545,1.3379885999999999,0.7999999999999999
2159,MINFM51493,252.0,570.0,0.0,0.0,0.38,0.8,0.0,96.4199,0.75,0.15,0.0,0.0,0.0,0.0,0.15,0.0,0.0,2.88340213,54.905376202499994,1.3780636,0.75
2160,MINFM51507,252.0,570.0,0.0,0.0,0.35,0.8,0.0,96.2999,0.65,0.3,0.0,0.0,0.0,0.0,0.15,0.0,0.0,2.87472213,54.923730947500005,1.3769485999999997,0.75
2161,MINFM51521,252.0,570.0,0.0,0.0,0.3,1.0,0.0,94.7999,0.4,0.2,0.0,0.0,1.3,0.0,0.15,0.0,0.0,2.85603213,54.71377188499999,1.3709985999999998,0.75
2162,MINFM51310,295.0,620.0,0.0,0.0,0.0,11.5,0.0,77.7899,0.5,0.5,0.0,0.0,3.5,0.0,0.0,0.0,0.0,2.7471701299999998,52.22998038,1.3115586,0.09999999999999987
2164,MINFM21962,240.5,500.0,0.0,0.0,0.4,0.0,0.0,97.7599,1.2,0.0,0.0,0.0,0.0,0.12,0.0,0.0,0.0,2.93923313,55.339793494999995,1.3894385999999999,0.7
2165,MINFM22075,203.5,262.5,0.0,0.0,0.09,0.0,0.0,95.3399,0.0,0.0,0.0,0.0,0.0,0.15,0.0,0.0,0.0,2.75517313,53.301474285000005,1.3368885999999998,0.7
2166,MINFM20506,127.5,370.0,0.0,0.0,0.0,2.5,0.0,93.4199,0.3,0.35,0.0,0.0,0.0,0.0,0.0,0.0,0.0,2.7908461300000003,53.970849789999995,1.3521535999999998,0.050000000000000044
2167,MINFM22083,239.0,292.5,0.0,0.0,0.14,11.5,0.0,83.2299,0.0,0.0,0.0,0.0,0.0,0.0,0.0,0.0,0.0,2.72489613,52.476104135,1.3271986,0.7
2168,MINFM21358,90.0,235.0,0.0,0.0,0.0,17.0,0.0,66.8649,0.5,0.0,0.0,0.0,8.0,0.0,0.2,0.0,0.0,2.7455326300000005,51.20637363000001,1.2913085999999998,0.2999999999999998
2170,MINFM23039,120.5,470.0,0.0,0.0,0.25,3.0,0.0,93.9999,0.45,0.45,0.0,0.0,0.0,0.0,0.1,0.0,0.0,2.85273213,54.79119060749999,1.3736735999999998,0.75
2171,MINFM23026,111.5,440.0,0.0,0.0,0.15,0.0,0.0,96.0899,1.4,0.15,0.0,0.0,0.4,0.0,0.1,0.0,0.0,2.9118301300000002,54.855322435,1.3745836,0.75
2172,MINFM23033,142.5,610.0,0.0,0.0,0.27,0.5,0.0,94.2699,0.45,0.45,0.0,0.0,2.3,0.0,0.1,0.0,0.0,2.87015513,54.994419947500006,1.3736435999999999,0.75
2177,MINFM21892,277.0,695.0,0.0,0.0,0.36,0.9,0.0,97.1099,0.7,0.15,0.0,0.0,0.0,0.0,0.0,0.0,0.0,2.89278113,55.27070339,1.3866336,0.75
2178,MINFM20539,124.0,540.0,0.0,0.0,0.09,11.5,0.0,83.2799,0.0,0.0,0.0,0.0,0.0,0.0,0.0,0.0,0.0,2.72454613,52.49802128499999,1.3275485999999999,0.7
2179,MINFM20538,151.0,660.0,0.0,0.001,0.17,0.9,0.0,94.9999,0.35,0.9,0.0,0.0,0.0,0.0,0.1,0.0,0.6,2.84158843,54.9306630125,1.3709471,0.75
2181,MINFM22035,276.5,672.5,0.0,0.0,0.34,0.4,0.0,96.2299,1.2,0.15,0.0,0.0,0.6,0.0,0.0,0.0,0.0,2.91798113,55.143735375000006,1.3822736,0.75
2186,MINFM21093,103.5,320.0,0.0,0.0,0.18,0.0,0.0,97.4499,1.2,0.0,0.0,0.0,0.0,0.0,0.0,0.0,0.0,2.9099181300000003,55.101772455,1.3823585999999999,0.7
2187,MINFM21094,114.5,370.0,0.0,0.0,0.25,0.0,0.0,97.3699,1.2,0.0,0.0,0.0,0.0,0.0,0.0,0.0,0.0,2.91012113,55.065503944999996,1.3817286,0.7
2188,MINFM21097,106.0,280.0,0.0,0.0,0.0,1.0,0.0,95.4499,0.5,0.45,0.0,0.0,0.0,0.0,0.0,0.0,0.0,2.82683713,54.530377879999996,1.3638235999999997,0.050000000000000044
2192,MINFM29348,165.0,800.0,0.0,0.0,0.38,0.6,0.0,94.1399,0.6,0.35,0.0,0.0,1.8,0.0,0.5,0.0,0.0,2.88753613,54.792371384999996,1.3722936,0.75
2193,MINFM29286,107.0,330.0,0.0,0.0,0.34,0.0,0.0,96.4099,1.2,0.0,0.0,0.0,0.0,0.0,0.2,0.02,0.0,2.89723213,54.605945975,1.3713985999999998,0.7
2194,MINFM29288,118.5,340.0,0.0,0.0,0.52,0.0,0.0,97.8999,0.5,0.0,0.0,0.0,0.0,0.0,0.5,0.0,0.0,2.89989113,55.14977252,1.3867386,0.7
2202,MINFM76684,241.0,225.0,0.0,0.0,0.08,0.3,0.0,97.1599,0.4,0.25,0.0,0.0,0.0,0.0,0.17,0.0,0.15,2.85718113,55.00830279499999,1.3781185999999996,0.75
2203,MINFM76679,179.0,295.0,0.0,0.0,0.12,0.8,0.0,96.7799,0.4,0.4,0.0,0.0,0.0,0.0,0.17,0.0,0.0,2.86229813,55.128374324999996,1.3802285999999997,0.75
2208,MINFM76685,179.0,245.0,0.0,0.0,0.17,0.9,0.0,96.5599,0.4,0.25,0.0,0.0,0.0,0.0,0.17,0.0,0.15,2.86045413,54.996019025,1.3787485999999998,0.75
2214,MINFM41998,90.0,175.0,0.0,0.0,0.0,0.0,0.0,97.6349,0.3,0.0,0.0,0.0,0.0,0.0,0.15,0.0,0.0,2.8369366300000003,54.73115229,1.3727385999999997,0.2999999999999998
2250,MINFM49993,85.0,240.0,0.0,0.0,0.2,0.0,0.0,98.3299,0.4,0.0,0.0,0.0,0.0,0.0,0.2,0.0,0.0,2.87562813,55.212277235,1.3858185999999997,0.7
2256,MINFM29330,134.5,490.0,0.0,0.0,0.45,0.0,0.0,97.4999,0.6,0.0,0.0,0.0,0.0,0.0,0.6,0.0,0.0,2.90023213,55.00100857499999,1.3831485999999997,0.7
2257,MINFM29341,142.5,715.0,0.0,0.0,0.35,0.8,0.0,96.1499,0.7,0.2,0.0,0.0,0.0,0.0,0.3,0.0,0.0,2.87985713,54.81362072,1.3757486,0.75
2261,MINFM50027,132.5,550.0,0.0,0.0,0.45,0.6,0.0,97.0999,0.5,0.0,0.0,0.0,0.0,0.0,0.2,0.0,0.0,2.8754221300000005,54.922325130000004,1.3801486,0.7
2267,MINFM7945,169.0,390.0,0.0,0.0,0.18,0.0,0.0,98.1449,0.45,0.45,0.0,0.0,0.0,0.0,0.15,0.0,0.0,2.8855096300000005,55.5517181175,1.3897636,0.75
2268,MINFM7629,215.0,470.5,0.0,0.0,0.17,0.3,0.0,97.5699,0.6,0.08,0.0,0.0,0.0,0.0,0.15,0.0,0.0,2.8789701300000003,55.112825665,1.3825785999999998,0.75
2269,MINFM7643,243.5,735.0,0.0,0.0,0.28,0.8,0.0,98.6449,0.4,0.15,0.0,0.0,0.0,0.0,0.15,0.0,0.0,2.91257463,55.943633595,1.4036136000000001,0.75
2273,MINFM7745,286.0,797.5,0.0,0.0,0.48,0.8,0.0,96.7449,0.75,0.15,0.0,0.0,0.0,0.0,0.15,0.0,0.0,2.8962996299999997,55.0988831525,1.3833136,0.75
2274,MINFM8196,254.0,505.0,0.0,0.0,0.47,0.6,0.0,97.1099,0.6,0.0,0.0,0.0,0.0,0.0,0.15,0.0,0.0,2.88259813,54.971207065,1.3812785999999997,0.7
2277,MINFM8668,200.0,746.0,0.0,0.0,0.51,0.0,0.0,96.1849,0.7,0.0,0.0,0.0,0.0,0.0,1.8,0.0,0.0,2.93868363,54.66581729,1.3797586,0.7
2278,MINFM50302,302.0,713.0,0.0,0.0,0.07,1.0,0.0,93.6699,0.4,0.08,0.0,0.0,2.95,0.0,0.15,0.0,0.0,2.8696901300000004,54.90841187499999,1.3741035999999998,0.75
2279,MINFM8176,254.0,505.0,0.0,0.0,0.48,0.7,0.0,98.2199,0.7,0.0,0.0,0.0,0.0,0.0,0.15,0.0,0.0,2.92658213,55.69922178,1.3996885999999997,0.7
2280,MINFM8300,280.0,820.0,0.0,0.0,0.48,0.8,0.0,97.0949,0.7,0.0,0.0,0.0,0.0,0.0,0.15,0.0,0.0,2.8971746299999994,55.12296163,1.3853385999999999,0.7
2282,MINFM8708,302.5,817.5,0.0,0.0,0.38,0.7,0.0,95.1599,0.65,0.2,0.0,0.0,1.65,0.0,0.15,0.0,0.0,2.89512513,55.11120615749999,1.3806235999999996,0.75
2286,MINFM67138,96.0,275.0,0.0,0.0,0.05,0.5,0.0,97.4999,0.3,0.0,0.0,0.0,0.0,0.0,0.1,0.0,0.0,2.84653213,54.90770464,1.3776486,0.7
2288,MINFM53287,217.0,240.0,0.0,0.0,0.0,18.0,0.0,57.9249,0.0,3.0,0.1,0.0,11.0,0.0,0.0,0.0,0.0,2.66658363,51.055939105,1.2555986,0.7999999999999999
2289,MINFM8754,302.0,713.0,0.0,0.0,0.08,1.0,0.0,93.7699,0.45,0.08,0.0,0.0,3.0,0.0,0.15,0.0,0.0,2.87912213,55.022273667499995,1.3769486,0.75
2293,MINFM67152,118.5,415.0,0.0,0.001,0.05,2.75,0.0,94.3919,0.3,0.9,0.0,0.0,0.0,0.0,0.0,0.015,0.2,2.8516223300000005,55.28649995000001,1.3805051000000002,0.75
2294,MINFM53289,217.0,205.0,0.0,0.0,0.04,17.0,0.0,65.9749,0.0,0.0,0.0,0.0,9.0,0.0,0.0,0.0,0.0,2.70130763,50.970230185000005,1.2834286,0.7
2297,MINFM67328,179.0,205.0,0.0,0.0,0.0,8.0,0.0,87.0999,0.3,0.9,0.0,0.0,0.0,0.0,0.25,0.0,0.0,2.79876213,53.899115040000005,1.3513985999999998,0.34999999999999987
2300,MINFM53318,225.0,415.0,0.0,0.0,0.0,28.0,0.0,61.6549,0.0,3.6,0.0,0.0,0.0,0.0,0.0,0.0,0.0,2.68929563,52.443926905,1.3073685999999998,0.050000000000000044
2301,MINFM53313,187.0,275.0,0.0,0.0,0.0,25.0,0.0,68.2149,0.0,0.75,0.0,0.05,0.0,0.0,0.0,0.0,0.0,2.70304263,51.859639095000006,1.3166086,0.050000000000000044
2304,MINFM7454,85.0,275.0,0.0,0.0,0.0,24.0,0.0,48.3449,0.0,0.0,0.0,0.0,19.0,0.0,0.0,0.0,0.0,2.74749863,50.629019405,1.2693286000000001,0.04999999999999982
2305,MINFM66217,217.0,205.0,0.0,0.0,0.04,24.0,0.0,49.0749,0.0,0.0,0.0,0.0,19.0,0.0,0.0,0.0,0.0,2.76987763,51.041492184999996,1.2798285999999999,0.7
2306,MINFM66218,217.0,240.0,0.0,0.0,0.0,24.0,0.0,45.2699,0.0,2.0,0.1,0.0,21.0,0.0,0.0,0.0,0.0,2.79668513,52.018460355,1.2829286,0.7999999999999999
2308,MINFM7483,74.5,205.0,0.0,0.0,0.0,16.0,0.0,62.0449,0.0,2.0,0.0,0.0,10.0,0.0,0.0,0.0,0.0,2.65648863,50.756490404999994,1.2566286,0.09999999999999987
2309,MINFM67489,103.5,102.5,0.1,0.0,0.0,11.5,0.0,83.5499,0.0,0.0,0.0,0.0,0.0,0.0,0.0,0.0,0.0,2.7331321299999995,52.664974693599994,1.3319485999999998,0.1499999999999999
2310,MINFM67554,95.0,120.0,0.0,0.0,0.0,16.0,0.0,78.5799,0.0,0.0,0.0,0.0,0.0,0.0,0.0,0.0,0.0,2.7160431299999996,52.20232115499999,1.3241185999999998,0.0
2311,MINFM51133,81.5,102.5,0.0,0.0,0.0,0.0,0.0,98.5899,0.4,0.0,0.0,0.0,0.0,0.0,0.0,0.0,0.0,2.86509013,55.277281835000004,1.3858586,0.0
2312,MINFM51154,95.0,120.0,0.0,0.0,0.0,0.0,0.0,98.5899,0.29,0.0,0.0,0.0,0.0,0.0,0.0,0.0,0.0,2.85531113,55.216849985500005,1.3843185999999998,0.0
2313,MINFM67312,217.0,200.0,0.0,0.0,0.08,14.0,0.0,63.1349,1.5,1.0,0.0,0.0,14.0,0.0,0.3,0.3,0.0,2.90081763,52.77515164,1.3124486,0.75
2316,MINFM66258,80.0,205.0,0.0,0.0,0.0,12.0,0.0,84.3699,0.0,0.0,0.0,0.0,0.0,0.0,0.0,0.0,0.0,2.76701613,53.35590265500001,1.3491786,0.0
2320,MINFM52211,163.0,102.5,0.0,0.0,0.0,1.9,0.0,94.9749,0.3,0.87,0.0,0.0,0.0,0.0,0.0,0.0,0.0,2.8345746300000005,55.02615094,1.3730635999999998,0.050000000000000044
2322,MINFM67327,163.0,205.0,0.0,0.0,0.0,4.0,0.0,92.0799,0.3,0.45,0.0,0.0,0.0,0.0,0.0,0.0,0.0,2.7987381300000003,54.09840829,1.3558435999999998,0.050000000000000044
2324,MINFM67339,192.0,205.0,0.0,0.0,0.04,22.0,0.0,57.3249,0.0,0.0,0.0,0.0,12.0,0.0,0.0,0.0,0.0,2.7026526300000002,50.500244685,1.2728286,0.7
2326,MINFM67335,192.0,170.0,0.0,0.0,0.0,18.0,0.0,64.1449,0.0,0.0,0.0,0.0,8.0,0.0,0.0,0.0,0.0,2.64095863,49.876489405,1.2580285999999998,0.04999999999999982
2333,MINFM67342,192.0,205.0,0.0,0.0,0.0,24.0,0.0,47.3449,0.0,0.0,0.0,0.0,19.0,0.0,0.0,0.0,0.0,2.71879863,50.070569405,1.2553286,0.04999999999999982
2334,MINFM67355,192.0,205.0,0.0,0.0,0.04,17.0,0.0,64.0799,0.0,0.0,0.0,0.0,9.0,0.0,0.0,0.0,0.0,2.64692113,49.911967435,1.2568985999999998,0.7
2338,MINFM52255,192.0,205.0,0.0,0.0,0.0,16.0,0.0,62.0999,0.0,2.0,0.0,0.0,11.0,0.0,0.0,0.0,0.0,2.6932671299999997,51.374139154999995,1.2708985999999998,0.09999999999999987
2344,MINFM52316,201.0,102.5,0.0,0.0,0.0,0.0,0.0,94.4149,0.3,0.44,0.0,0.0,0.0,0.0,0.15,0.0,0.0,2.7583826300000003,53.35507929,1.3340386,0.34999999999999987
2346,MINFM52082,108.5,157.5,0.0,0.0,0.0,8.0,0.0,87.0899,0.3,0.9,0.0,0.0,0.0,0.0,0.25,0.0,0.0,2.79847513,53.89353054,1.3512585999999998,0.34999999999999987
2348,MINFM66201,201.0,205.0,0.0,0.0,0.04,18.0,0.0,66.5749,0.0,0.0,0.0,0.0,8.0,0.0,0.0,0.0,0.0,2.71212763,51.238327185,1.2923285999999998,0.7
2352,MINFM67411,120.0,250.0,0.0,0.0,0.0,28.0,0.0,63.4399,0.0,1.8,0.0,0.15,3.0,0.0,0.0,0.0,0.0,2.79437513,53.614001724999994,1.3489335999999998,0.09999999999999987
2353,MINFM66212,217.0,205.0,0.0,0.0,0.0,22.0,0.0,57.0949,0.0,0.0,0.0,0.0,12.0,0.0,0.0,0.0,0.0,2.69462363,50.366996905,1.2693286,0.04999999999999982
2354,MINFM52201,163.0,110.0,0.0,0.0,0.05,0.8,0.0,96.7899,0.3,0.44,0.0,0.0,0.0,0.0,0.0,0.0,0.0,2.8432251300000004,55.06124394000001,1.3771886,0.75
2355,MINFM66243,293.0,450.0,0.0,0.0,0.0,24.0,0.0,62.6949,0.0,1.2,0.14,0.0,5.5,0.0,0.0,0.0,0.0,2.72759823,51.890057285,1.3062885999999998,0.7999999999999999
2361,MINFM53221,346.0,861.5,0.0,0.0,0.37,0.65,0.0,94.9599,0.6,0.2,0.0,0.0,1.55,0.0,0.15,0.0,0.0,2.87962313,54.886154614999995,1.3750036,0.75
2362,MINFM54834,295.0,620.0,0.0,0.0,0.0,11.5,0.0,77.9899,0.5,0.4,0.0,0.0,3.5,0.0,0.0,0.0,0.0,2.7497601300000003,52.245730380000005,1.3129085999999999,0.09999999999999987
2363,MINFM52346,192.0,207.0,0.0,0.0,0.0,0.0,0.0,65.9299,0.0,0.0,0.0,0.0,18.0,0.0,8.0,0.0,0.0,2.96018813,49.63020465500001,1.2540186,0.2999999999999998
2367,MINFM53204,335.0,861.5,0.0,0.0,0.36,0.8,0.0,96.3099,0.45,0.5,0.0,0.0,0.0,0.0,0.15,0.0,0.25,2.87143613,55.1398741775,1.3806336,0.75
2368,MINFM50882,264.0,345.0,0.0,0.0005,0.1,0.4,0.15,95.5439,0.6,0.4,0.0,0.0,0.7,0.0,0.15,0.0,0.03,2.8622895799999997,54.85351188,1.3716488499999997,0.75
2369,MINFM50906,264.0,345.0,0.0,0.001,0.12,0.85,0.0,95.3649,0.45,0.45,0.0,0.0,1.2,0.0,0.2,0.0,0.0,2.8731039300000005,55.1524592075,1.3790820999999998,0.75
2382,MINFM52705,120.5,155.0,0.0,0.0,0.0,25.0,0.0,68.6399,0.0,0.75,0.0,0.0,0.0,0.0,0.0,0.2,0.0,2.7194901299999996,52.146261155,1.3246335999999999,0.050000000000000044
2384,MINFM67017,310.0,550.0,0.0,0.0,0.0,24.0,0.0,58.1219,0.0,3.0,0.24,0.0,6.0,0.0,0.0,0.0,0.0,2.67469213,51.370659135,1.2757665999999999,0.7999999999999999
2385,MINFM67007,190.0,240.0,0.0,0.0,0.0,14.0,0.0,81.5599,0.0,0.0,0.0,0.0,0.0,0.0,0.0,0.0,0.0,2.74396913,52.826580155,1.3378385999999998,0.0
2386,MINFM51302,290.0,485.0,0.0,0.0,0.0,26.0,0.0,60.2749,0.0,1.0,0.15,0.0,3.5,0.0,0.0,0.0,0.0,2.63944813,50.214182955,1.2705736,0.7999999999999999
